DATE,ROLL NO,ATTENDANCE,PREVIOUS ABSENCES,RECENT ABSENCES,CLASS DATE,DAY OF WEEK,NEXT ABSENCE,DAYS UNTIL NEXT ABSENCE
03-08-2026,1,0,0,0,03-08-2026,Monday,,
03-08-2026,2,0,0,0,04-08-2026,Monday,10-08-2026,7
03-08-2026,3,0,0,0,05-08-2026,Monday,27-08-2026,
03-08-2026,4,0,0,0,06-08-2026,Monday,07-08-2026,
03-08-2026,5,1,0,0,07-08-2026,Monday,11-08-2026,
03-08-2026,6,0,0,0,08-08-2026,Monday,17-08-2026,
03-08-2026,7,0,0,0,10-08-2026,Monday,24-08-2026,
03-08-2026,8,1,0,0,11-08-2026,Monday,10-08-2026,
03-08-2026,9,1,0,0,12-08-2026,Monday,08-08-2026,
03-08-2026,10,0,0,0,13-08-2026,Monday,,
03-08-2026,11,0,0,0,14-08-2026,Monday,,
03-08-2026,12,1,0,0,17-08-2026,Monday,12-08-2026,
03-08-2026,13,0,0,0,18-08-2026,Monday,07-08-2026,
03-08-2026,15,0,0,0,19-08-2026,Monday,,
03-08-2026,16,0,0,0,20-08-2026,Monday,,
03-08-2026,17,0,0,0,21-08-2026,Monday,31-08-2026,
03-08-2026,18,1,0,0,22-08-2026,Monday,04-08-2026,
03-08-2026,19,1,0,0,24-08-2026,Monday,24-08-2026,
03-08-2026,20,0,0,0,25-08-2026,Monday,11-08-2026,
03-08-2026,21,0,0,0,27-08-2026,Monday,10-08-2026,
03-08-2026,22,0,0,0,28-08-2026,Monday,,
03-08-2026,23,0,0,0,31-08-2026,Monday,,
03-08-2026,24,1,0,0,,Monday,10-08-2026,
03-08-2026,25,0,0,0,,Monday,10-08-2026,
03-08-2026,26,0,0,0,,Monday,31-08-2026,
03-08-2026,27,0,0,0,,Monday,07-08-2026,
03-08-2026,28,0,0,0,,Monday,,
03-08-2026,29,1,0,0,,Monday,12-08-2026,
03-08-2026,30,0,0,0,,Monday,12-08-2026,
03-08-2026,31,0,0,0,,Monday,24-08-2026,
03-08-2026,32,0,0,0,,Monday,10-08-2026,
03-08-2026,33,0,0,0,,Monday,05-08-2026,
03-08-2026,34,0,0,0,,Monday,,
03-08-2026,35,1,0,0,,Monday,04-08-2026,
03-08-2026,36,0,0,0,,Monday,05-08-2026,
03-08-2026,37,0,0,0,,Monday,31-08-2026,
03-08-2026,38,0,0,0,,Monday,10-08-2026,
03-08-2026,39,0,0,0,,Monday,,
03-08-2026,40,0,0,0,,Monday,,
03-08-2026,41,1,0,0,,Monday,21-08-2026,
03-08-2026,42,0,0,0,,Monday,24-08-2026,
03-08-2026,43,0,0,0,,Monday,,
03-08-2026,44,0,0,0,,Monday,11-08-2026,
03-08-2026,45,0,0,0,,Monday,25-08-2026,
03-08-2026,46,0,0,0,,Monday,11-08-2026,
03-08-2026,47,0,0,0,,Monday,11-08-2026,
04-08-2026,1,0,0,0,,Tuesday,,
04-08-2026,2,0,0,0,,Tuesday,10-08-2026,
04-08-2026,3,0,0,0,,Tuesday,27-08-2026,
04-08-2026,4,0,0,0,,Tuesday,07-08-2026,
04-08-2026,5,0,1,1,,Tuesday,11-08-2026,
04-08-2026,6,0,0,0,,Tuesday,17-08-2026,
04-08-2026,7,0,0,0,,Tuesday,24-08-2026,
04-08-2026,8,0,1,1,,Tuesday,10-08-2026,
04-08-2026,9,0,1,1,,Tuesday,08-08-2026,
04-08-2026,10,0,0,0,,Tuesday,,
04-08-2026,11,0,0,0,,Tuesday,,
04-08-2026,12,0,1,1,,Tuesday,12-08-2026,
04-08-2026,13,0,0,0,,Tuesday,07-08-2026,
04-08-2026,15,0,0,0,,Tuesday,,
04-08-2026,16,0,0,0,,Tuesday,,
04-08-2026,17,0,0,0,,Tuesday,31-08-2026,
04-08-2026,18,1,1,1,,Tuesday,06-08-2026,
04-08-2026,19,0,1,1,,Tuesday,24-08-2026,
04-08-2026,20,0,0,0,,Tuesday,11-08-2026,
04-08-2026,21,0,0,0,,Tuesday,10-08-2026,
04-08-2026,22,0,0,0,,Tuesday,,
04-08-2026,23,0,0,0,,Tuesday,,
04-08-2026,24,0,1,1,,Tuesday,10-08-2026,
04-08-2026,25,0,0,0,,Tuesday,10-08-2026,
04-08-2026,26,0,0,0,,Tuesday,31-08-2026,
04-08-2026,27,0,0,0,,Tuesday,07-08-2026,
04-08-2026,28,0,0,0,,Tuesday,,
04-08-2026,29,0,1,1,,Tuesday,12-08-2026,
04-08-2026,30,0,0,0,,Tuesday,12-08-2026,
04-08-2026,31,0,0,0,,Tuesday,24-08-2026,
04-08-2026,32,0,0,0,,Tuesday,10-08-2026,
04-08-2026,33,0,0,0,,Tuesday,05-08-2026,
04-08-2026,34,0,0,0,,Tuesday,,
04-08-2026,35,1,1,1,,Tuesday,31-08-2026,
04-08-2026,36,0,0,0,,Tuesday,05-08-2026,
04-08-2026,37,0,0,0,,Tuesday,31-08-2026,
04-08-2026,38,0,0,0,,Tuesday,10-08-2026,
04-08-2026,39,0,0,0,,Tuesday,,
04-08-2026,40,0,0,0,,Tuesday,,
04-08-2026,41,0,1,1,,Tuesday,21-08-2026,
04-08-2026,42,0,0,0,,Tuesday,24-08-2026,
04-08-2026,43,0,0,0,,Tuesday,,
04-08-2026,44,0,0,0,,Tuesday,11-08-2026,
04-08-2026,45,0,0,0,,Tuesday,25-08-2026,
04-08-2026,46,0,0,0,,Tuesday,11-08-2026,
04-08-2026,47,0,0,0,,Tuesday,11-08-2026,
05-08-2026,1,0,0,0,,Wednesday,,
05-08-2026,2,0,0,0,,Wednesday,10-08-2026,
05-08-2026,3,0,0,0,,Wednesday,27-08-2026,
05-08-2026,4,0,0,0,,Wednesday,07-08-2026,
05-08-2026,5,0,1,1,,Wednesday,11-08-2026,
05-08-2026,6,0,0,0,,Wednesday,17-08-2026,
05-08-2026,7,0,0,0,,Wednesday,24-08-2026,
05-08-2026,8,0,1,1,,Wednesday,10-08-2026,
05-08-2026,9,0,1,1,,Wednesday,08-08-2026,
05-08-2026,10,0,0,0,,Wednesday,,
05-08-2026,11,0,0,0,,Wednesday,,
05-08-2026,12,0,1,1,,Wednesday,12-08-2026,
05-08-2026,13,0,0,0,,Wednesday,07-08-2026,
05-08-2026,15,0,0,0,,Wednesday,,
05-08-2026,16,0,0,0,,Wednesday,,
05-08-2026,17,0,0,0,,Wednesday,31-08-2026,
05-08-2026,18,0,2,2,,Wednesday,06-08-2026,
05-08-2026,19,0,1,1,,Wednesday,24-08-2026,
05-08-2026,20,0,0,0,,Wednesday,11-08-2026,
05-08-2026,21,0,0,0,,Wednesday,10-08-2026,
05-08-2026,22,0,0,0,,Wednesday,,
05-08-2026,23,0,0,0,,Wednesday,,
05-08-2026,24,0,1,1,,Wednesday,10-08-2026,
05-08-2026,25,0,0,0,,Wednesday,10-08-2026,
05-08-2026,26,0,0,0,,Wednesday,31-08-2026,
05-08-2026,27,0,0,0,,Wednesday,07-08-2026,
05-08-2026,28,0,0,0,,Wednesday,,
05-08-2026,29,0,1,1,,Wednesday,12-08-2026,
05-08-2026,30,0,0,0,,Wednesday,12-08-2026,
05-08-2026,31,0,0,0,,Wednesday,24-08-2026,
05-08-2026,32,0,0,0,,Wednesday,10-08-2026,
05-08-2026,33,1,0,0,,Wednesday,10-08-2026,
05-08-2026,34,0,0,0,,Wednesday,,
05-08-2026,35,0,2,2,,Wednesday,31-08-2026,
05-08-2026,36,1,0,0,,Wednesday,24-08-2026,
05-08-2026,37,0,0,0,,Wednesday,31-08-2026,
05-08-2026,38,0,0,0,,Wednesday,10-08-2026,
05-08-2026,39,0,0,0,,Wednesday,,
05-08-2026,40,0,0,0,,Wednesday,,
05-08-2026,41,0,1,1,,Wednesday,21-08-2026,
05-08-2026,42,0,0,0,,Wednesday,24-08-2026,
05-08-2026,43,0,0,0,,Wednesday,,
05-08-2026,44,0,0,0,,Wednesday,11-08-2026,
05-08-2026,45,0,0,0,,Wednesday,25-08-2026,
05-08-2026,46,0,0,0,,Wednesday,11-08-2026,
05-08-2026,47,0,0,0,,Wednesday,11-08-2026,
06-08-2026,1,0,0,0,,Thursday,,
06-08-2026,2,0,0,0,,Thursday,10-08-2026,
06-08-2026,3,0,0,0,,Thursday,27-08-2026,
06-08-2026,4,0,0,0,,Thursday,07-08-2026,
06-08-2026,5,0,1,1,,Thursday,11-08-2026,
06-08-2026,6,0,0,0,,Thursday,17-08-2026,
06-08-2026,7,0,0,0,,Thursday,24-08-2026,
06-08-2026,8,0,1,1,,Thursday,10-08-2026,
06-08-2026,9,0,1,1,,Thursday,08-08-2026,
06-08-2026,10,0,0,0,,Thursday,,
06-08-2026,11,0,0,0,,Thursday,,
06-08-2026,12,0,1,1,,Thursday,12-08-2026,
06-08-2026,13,0,0,0,,Thursday,07-08-2026,
06-08-2026,15,0,0,0,,Thursday,,
06-08-2026,16,0,0,0,,Thursday,,
06-08-2026,17,0,0,0,,Thursday,31-08-2026,
06-08-2026,18,1,2,2,,Thursday,07-08-2026,
06-08-2026,19,0,1,1,,Thursday,24-08-2026,
06-08-2026,20,0,0,0,,Thursday,11-08-2026,
06-08-2026,21,0,0,0,,Thursday,10-08-2026,
06-08-2026,22,0,0,0,,Thursday,,
06-08-2026,23,0,0,0,,Thursday,,
06-08-2026,24,0,1,1,,Thursday,10-08-2026,
06-08-2026,25,0,0,0,,Thursday,10-08-2026,
06-08-2026,26,0,0,0,,Thursday,31-08-2026,
06-08-2026,27,0,0,0,,Thursday,07-08-2026,
06-08-2026,28,0,0,0,,Thursday,,
06-08-2026,29,0,1,1,,Thursday,12-08-2026,
06-08-2026,30,0,0,0,,Thursday,12-08-2026,
06-08-2026,31,0,0,0,,Thursday,24-08-2026,
06-08-2026,32,0,0,0,,Thursday,10-08-2026,
06-08-2026,33,0,1,1,,Thursday,10-08-2026,
06-08-2026,34,0,0,0,,Thursday,,
06-08-2026,35,0,2,2,,Thursday,31-08-2026,
06-08-2026,36,0,1,1,,Thursday,24-08-2026,
06-08-2026,37,0,0,0,,Thursday,31-08-2026,
06-08-2026,38,0,0,0,,Thursday,10-08-2026,
06-08-2026,39,0,0,0,,Thursday,,
06-08-2026,40,0,0,0,,Thursday,,
06-08-2026,41,0,1,1,,Thursday,21-08-2026,
06-08-2026,42,0,0,0,,Thursday,24-08-2026,
06-08-2026,43,0,0,0,,Thursday,,
06-08-2026,44,0,0,0,,Thursday,11-08-2026,
06-08-2026,45,0,0,0,,Thursday,25-08-2026,
06-08-2026,46,0,0,0,,Thursday,11-08-2026,
06-08-2026,47,0,0,0,,Thursday,11-08-2026,
07-08-2026,1,0,0,0,,Friday,,
07-08-2026,2,0,0,0,,Friday,10-08-2026,
07-08-2026,3,0,0,0,,Friday,27-08-2026,
07-08-2026,4,1,0,0,,Friday,08-08-2026,
07-08-2026,5,0,1,1,,Friday,11-08-2026,
07-08-2026,6,0,0,0,,Friday,17-08-2026,
07-08-2026,7,0,0,0,,Friday,24-08-2026,
07-08-2026,8,0,1,1,,Friday,10-08-2026,
07-08-2026,9,0,1,1,,Friday,08-08-2026,
07-08-2026,10,0,0,0,,Friday,,
07-08-2026,11,0,0,0,,Friday,,
07-08-2026,12,0,1,1,,Friday,12-08-2026,
07-08-2026,13,1,0,0,,Friday,14-08-2026,
07-08-2026,15,0,0,0,,Friday,,
07-08-2026,16,0,0,0,,Friday,,
07-08-2026,17,0,0,0,,Friday,31-08-2026,
07-08-2026,18,1,3,3,,Friday,08-08-2026,
07-08-2026,19,0,1,1,,Friday,24-08-2026,
07-08-2026,20,0,0,0,,Friday,11-08-2026,
07-08-2026,21,0,0,0,,Friday,10-08-2026,
07-08-2026,22,0,0,0,,Friday,,
07-08-2026,23,0,0,0,,Friday,,
07-08-2026,24,0,1,1,,Friday,10-08-2026,
07-08-2026,25,0,0,0,,Friday,10-08-2026,
07-08-2026,26,0,0,0,,Friday,31-08-2026,
07-08-2026,27,1,0,0,,Friday,22-08-2026,
07-08-2026,28,0,0,0,,Friday,,
07-08-2026,29,0,1,1,,Friday,12-08-2026,
07-08-2026,30,0,0,0,,Friday,12-08-2026,
07-08-2026,31,0,0,0,,Friday,24-08-2026,
07-08-2026,32,0,0,0,,Friday,10-08-2026,
07-08-2026,33,0,1,1,,Friday,10-08-2026,
07-08-2026,34,0,0,0,,Friday,,
07-08-2026,35,0,2,2,,Friday,31-08-2026,
07-08-2026,36,0,1,1,,Friday,24-08-2026,
07-08-2026,37,0,0,0,,Friday,31-08-2026,
07-08-2026,38,0,0,0,,Friday,10-08-2026,
07-08-2026,39,0,0,0,,Friday,,
07-08-2026,40,0,0,0,,Friday,,
07-08-2026,41,0,1,1,,Friday,21-08-2026,
07-08-2026,42,0,0,0,,Friday,24-08-2026,
07-08-2026,43,0,0,0,,Friday,,
07-08-2026,44,0,0,0,,Friday,11-08-2026,
07-08-2026,45,0,0,0,,Friday,25-08-2026,
07-08-2026,46,0,0,0,,Friday,11-08-2026,
07-08-2026,47,0,0,0,,Friday,11-08-2026,
08-08-2026,1,0,0,0,,Saturday,,
08-08-2026,2,0,0,0,,Saturday,10-08-2026,
08-08-2026,3,0,0,0,,Saturday,27-08-2026,
08-08-2026,4,1,1,1,,Saturday,12-08-2026,
08-08-2026,5,0,1,1,,Saturday,11-08-2026,
08-08-2026,6,0,0,0,,Saturday,17-08-2026,
08-08-2026,7,0,0,0,,Saturday,24-08-2026,
08-08-2026,8,0,1,1,,Saturday,10-08-2026,
08-08-2026,9,1,1,1,,Saturday,10-08-2026,
08-08-2026,10,0,0,0,,Saturday,,
08-08-2026,11,0,0,0,,Saturday,,
08-08-2026,12,0,1,1,,Saturday,12-08-2026,
08-08-2026,13,0,1,1,,Saturday,14-08-2026,
08-08-2026,15,0,0,0,,Saturday,,
08-08-2026,16,0,0,0,,Saturday,,
08-08-2026,17,0,0,0,,Saturday,31-08-2026,
08-08-2026,18,1,4,4,,Saturday,10-08-2026,
08-08-2026,19,0,1,1,,Saturday,24-08-2026,
08-08-2026,20,0,0,0,,Saturday,11-08-2026,
08-08-2026,21,0,0,0,,Saturday,10-08-2026,
08-08-2026,22,0,0,0,,Saturday,,
08-08-2026,23,0,0,0,,Saturday,,
08-08-2026,24,0,1,1,,Saturday,10-08-2026,
08-08-2026,25,0,0,0,,Saturday,10-08-2026,
08-08-2026,26,0,0,0,,Saturday,31-08-2026,
08-08-2026,27,0,1,1,,Saturday,22-08-2026,
08-08-2026,28,0,0,0,,Saturday,,
08-08-2026,29,0,1,1,,Saturday,12-08-2026,
08-08-2026,30,0,0,0,,Saturday,12-08-2026,
08-08-2026,31,0,0,0,,Saturday,24-08-2026,
08-08-2026,32,0,0,0,,Saturday,10-08-2026,
08-08-2026,33,0,1,1,,Saturday,10-08-2026,
08-08-2026,34,0,0,0,,Saturday,,
08-08-2026,35,0,2,2,,Saturday,31-08-2026,
08-08-2026,36,0,1,1,,Saturday,24-08-2026,
08-08-2026,37,0,0,0,,Saturday,31-08-2026,
08-08-2026,38,0,0,0,,Saturday,10-08-2026,
08-08-2026,39,0,0,0,,Saturday,,
08-08-2026,40,0,0,0,,Saturday,,
08-08-2026,41,0,1,1,,Saturday,21-08-2026,
08-08-2026,42,0,0,0,,Saturday,24-08-2026,
08-08-2026,43,0,0,0,,Saturday,,
08-08-2026,44,0,0,0,,Saturday,11-08-2026,
08-08-2026,45,0,0,0,,Saturday,25-08-2026,
08-08-2026,46,0,0,0,,Saturday,11-08-2026,
08-08-2026,47,0,0,0,,Saturday,11-08-2026,
10-08-2026,1,0,0,0,,Monday,,
10-08-2026,2,1,0,0,,Monday,,
10-08-2026,3,0,0,0,,Monday,27-08-2026,
10-08-2026,4,0,2,2,,Monday,12-08-2026,
10-08-2026,5,0,1,1,,Monday,11-08-2026,
10-08-2026,6,0,0,0,,Monday,17-08-2026,
10-08-2026,7,0,0,0,,Monday,24-08-2026,
10-08-2026,8,1,1,1,,Monday,27-08-2026,
10-08-2026,9,1,2,2,,Monday,,
10-08-2026,10,0,0,0,,Monday,,
10-08-2026,11,0,0,0,,Monday,,
10-08-2026,12,0,1,1,,Monday,12-08-2026,
10-08-2026,13,0,1,1,,Monday,14-08-2026,
10-08-2026,15,0,0,0,,Monday,,
10-08-2026,16,0,0,0,,Monday,,
10-08-2026,17,0,0,0,,Monday,31-08-2026,
10-08-2026,18,1,5,5,,Monday,11-08-2026,
10-08-2026,19,0,1,1,,Monday,24-08-2026,
10-08-2026,20,0,0,0,,Monday,11-08-2026,
10-08-2026,21,1,0,0,,Monday,11-08-2026,
10-08-2026,22,0,0,0,,Monday,,
10-08-2026,23,0,0,0,,Monday,,
10-08-2026,24,1,1,1,,Monday,11-08-2026,
10-08-2026,25,1,0,0,,Monday,12-08-2026,
10-08-2026,26,0,0,0,,Monday,31-08-2026,
10-08-2026,27,0,1,1,,Monday,22-08-2026,
10-08-2026,28,0,0,0,,Monday,,
10-08-2026,29,0,1,1,,Monday,12-08-2026,
10-08-2026,30,0,0,0,,Monday,12-08-2026,
10-08-2026,31,0,0,0,,Monday,24-08-2026,
10-08-2026,32,1,0,0,,Monday,18-08-2026,
10-08-2026,33,1,1,1,,Monday,24-08-2026,
10-08-2026,34,0,0,0,,Monday,,
10-08-2026,35,0,2,2,,Monday,31-08-2026,
10-08-2026,36,0,1,1,,Monday,24-08-2026,
10-08-2026,37,0,0,0,,Monday,31-08-2026,
10-08-2026,38,1,0,0,,Monday,27-08-2026,
10-08-2026,39,0,0,0,,Monday,,
10-08-2026,40,0,0,0,,Monday,,
10-08-2026,41,0,1,1,,Monday,21-08-2026,
10-08-2026,42,0,0,0,,Monday,24-08-2026,
10-08-2026,43,0,0,0,,Monday,,
10-08-2026,44,0,0,0,,Monday,11-08-2026,
10-08-2026,45,0,0,0,,Monday,25-08-2026,
10-08-2026,46,0,0,0,,Monday,11-08-2026,
10-08-2026,47,0,0,0,,Monday,11-08-2026,
11-08-2026,1,0,0,0,,Tuesday,,
11-08-2026,2,0,1,1,,Tuesday,,
11-08-2026,3,0,0,0,,Tuesday,27-08-2026,
11-08-2026,4,0,2,2,,Tuesday,12-08-2026,
11-08-2026,5,1,1,0,,Tuesday,27-08-2026,
11-08-2026,6,0,0,0,,Tuesday,17-08-2026,
11-08-2026,7,0,0,0,,Tuesday,24-08-2026,
11-08-2026,8,0,2,1,,Tuesday,27-08-2026,
11-08-2026,9,0,3,2,,Tuesday,,
11-08-2026,10,0,0,0,,Tuesday,,
11-08-2026,11,0,0,0,,Tuesday,,
11-08-2026,12,0,1,0,,Tuesday,12-08-2026,
11-08-2026,13,0,1,1,,Tuesday,14-08-2026,
11-08-2026,15,0,0,0,,Tuesday,,
11-08-2026,16,0,0,0,,Tuesday,,
11-08-2026,17,0,0,0,,Tuesday,31-08-2026,
11-08-2026,18,1,6,5,,Tuesday,17-08-2026,
11-08-2026,19,0,1,0,,Tuesday,24-08-2026,
11-08-2026,20,1,0,0,,Tuesday,21-08-2026,
11-08-2026,21,1,1,1,,Tuesday,12-08-2026,
11-08-2026,22,0,0,0,,Tuesday,,
11-08-2026,23,0,0,0,,Tuesday,,
11-08-2026,24,1,2,1,,Tuesday,24-08-2026,
11-08-2026,25,0,1,1,,Tuesday,12-08-2026,
11-08-2026,26,0,0,0,,Tuesday,31-08-2026,
11-08-2026,27,0,1,1,,Tuesday,22-08-2026,
11-08-2026,28,0,0,0,,Tuesday,,
11-08-2026,29,0,1,0,,Tuesday,12-08-2026,
11-08-2026,30,0,0,0,,Tuesday,12-08-2026,
11-08-2026,31,0,0,0,,Tuesday,24-08-2026,
11-08-2026,32,0,1,1,,Tuesday,18-08-2026,
11-08-2026,33,0,2,2,,Tuesday,24-08-2026,
11-08-2026,34,0,0,0,,Tuesday,,
11-08-2026,35,0,2,1,,Tuesday,31-08-2026,
11-08-2026,36,0,1,1,,Tuesday,24-08-2026,
11-08-2026,37,0,0,0,,Tuesday,31-08-2026,
11-08-2026,38,0,1,1,,Tuesday,27-08-2026,
11-08-2026,39,0,0,0,,Tuesday,,
11-08-2026,40,0,0,0,,Tuesday,,
11-08-2026,41,0,1,0,,Tuesday,21-08-2026,
11-08-2026,42,0,0,0,,Tuesday,24-08-2026,
11-08-2026,43,0,0,0,,Tuesday,,
11-08-2026,44,1,0,0,,Tuesday,17-08-2026,
11-08-2026,45,0,0,0,,Tuesday,25-08-2026,
11-08-2026,46,1,0,0,,Tuesday,31-08-2026,
11-08-2026,47,1,0,0,,Tuesday,12-08-2026,
12-08-2026,1,0,0,0,,Wednesday,,
12-08-2026,2,0,1,1,,Wednesday,,
12-08-2026,3,0,0,0,,Wednesday,27-08-2026,
12-08-2026,4,1,2,2,,Wednesday,,
12-08-2026,5,0,2,1,,Wednesday,27-08-2026,
12-08-2026,6,0,0,0,,Wednesday,17-08-2026,
12-08-2026,7,0,0,0,,Wednesday,24-08-2026,
12-08-2026,8,0,2,1,,Wednesday,27-08-2026,
12-08-2026,9,0,3,2,,Wednesday,,
12-08-2026,10,0,0,0,,Wednesday,,
12-08-2026,11,0,0,0,,Wednesday,,
12-08-2026,12,1,1,0,,Wednesday,,
12-08-2026,13,0,1,1,,Wednesday,14-08-2026,
12-08-2026,15,0,0,0,,Wednesday,,
12-08-2026,16,0,0,0,,Wednesday,,
12-08-2026,17,0,0,0,,Wednesday,31-08-2026,
12-08-2026,18,0,7,5,,Wednesday,17-08-2026,
12-08-2026,19,0,1,0,,Wednesday,24-08-2026,
12-08-2026,20,0,1,1,,Wednesday,21-08-2026,
12-08-2026,21,1,2,2,,Wednesday,13-08-2026,
12-08-2026,22,0,0,0,,Wednesday,,
12-08-2026,23,0,0,0,,Wednesday,,
12-08-2026,24,0,3,2,,Wednesday,24-08-2026,
12-08-2026,25,1,1,1,,Wednesday,13-08-2026,
12-08-2026,26,0,0,0,,Wednesday,31-08-2026,
12-08-2026,27,0,1,1,,Wednesday,22-08-2026,
12-08-2026,28,0,0,0,,Wednesday,,
12-08-2026,29,1,1,0,,Wednesday,27-08-2026,
12-08-2026,30,1,0,0,,Wednesday,22-08-2026,
12-08-2026,31,0,0,0,,Wednesday,24-08-2026,
12-08-2026,32,0,1,1,,Wednesday,18-08-2026,
12-08-2026,33,0,2,2,,Wednesday,24-08-2026,
12-08-2026,34,0,0,0,,Wednesday,,
12-08-2026,35,0,2,0,,Wednesday,31-08-2026,
12-08-2026,36,0,1,1,,Wednesday,24-08-2026,
12-08-2026,37,0,0,0,,Wednesday,31-08-2026,
12-08-2026,38,0,1,1,,Wednesday,27-08-2026,
12-08-2026,39,0,0,0,,Wednesday,,
12-08-2026,40,0,0,0,,Wednesday,,
12-08-2026,41,0,1,0,,Wednesday,21-08-2026,
12-08-2026,42,0,0,0,,Wednesday,24-08-2026,
12-08-2026,43,0,0,0,,Wednesday,,
12-08-2026,44,0,1,1,,Wednesday,17-08-2026,
12-08-2026,45,0,0,0,,Wednesday,25-08-2026,
12-08-2026,46,0,1,1,,Wednesday,31-08-2026,
12-08-2026,47,1,1,1,,Wednesday,,
13-08-2026,1,0,0,0,,Thursday,,
13-08-2026,2,0,1,1,,Thursday,,
13-08-2026,3,0,0,0,,Thursday,27-08-2026,
13-08-2026,4,0,3,3,,Thursday,,
13-08-2026,5,0,2,1,,Thursday,27-08-2026,
13-08-2026,6,0,0,0,,Thursday,17-08-2026,
13-08-2026,7,0,0,0,,Thursday,24-08-2026,
13-08-2026,8,0,2,1,,Thursday,27-08-2026,
13-08-2026,9,0,3,2,,Thursday,,
13-08-2026,10,0,0,0,,Thursday,,
13-08-2026,11,0,0,0,,Thursday,,
13-08-2026,12,0,2,1,,Thursday,,
13-08-2026,13,0,1,1,,Thursday,14-08-2026,
13-08-2026,15,0,0,0,,Thursday,,
13-08-2026,16,0,0,0,,Thursday,,
13-08-2026,17,0,0,0,,Thursday,31-08-2026,
13-08-2026,18,0,7,5,,Thursday,17-08-2026,
13-08-2026,19,0,1,0,,Thursday,24-08-2026,
13-08-2026,20,0,1,1,,Thursday,21-08-2026,
13-08-2026,21,1,3,3,,Thursday,14-08-2026,
13-08-2026,22,0,0,0,,Thursday,,
13-08-2026,23,0,0,0,,Thursday,,
13-08-2026,24,0,3,2,,Thursday,24-08-2026,
13-08-2026,25,1,2,2,,Thursday,24-08-2026,
13-08-2026,26,0,0,0,,Thursday,31-08-2026,
13-08-2026,27,0,1,1,,Thursday,22-08-2026,
13-08-2026,28,0,0,0,,Thursday,,
13-08-2026,29,0,2,1,,Thursday,27-08-2026,
13-08-2026,30,0,1,1,,Thursday,22-08-2026,
13-08-2026,31,0,0,0,,Thursday,24-08-2026,
13-08-2026,32,0,1,1,,Thursday,18-08-2026,
13-08-2026,33,0,2,1,,Thursday,24-08-2026,
13-08-2026,34,0,0,0,,Thursday,,
13-08-2026,35,0,2,0,,Thursday,31-08-2026,
13-08-2026,36,0,1,0,,Thursday,24-08-2026,
13-08-2026,37,0,0,0,,Thursday,31-08-2026,
13-08-2026,38,0,1,1,,Thursday,27-08-2026,
13-08-2026,39,0,0,0,,Thursday,,
13-08-2026,40,0,0,0,,Thursday,,
13-08-2026,41,0,1,0,,Thursday,21-08-2026,
13-08-2026,42,0,0,0,,Thursday,24-08-2026,
13-08-2026,43,0,0,0,,Thursday,,
13-08-2026,44,0,1,1,,Thursday,17-08-2026,
13-08-2026,45,0,0,0,,Thursday,25-08-2026,
13-08-2026,46,0,1,1,,Thursday,31-08-2026,
13-08-2026,47,0,2,2,,Thursday,,
14-08-2026,1,0,0,0,,Friday,,
14-08-2026,2,0,1,1,,Friday,,
14-08-2026,3,0,0,0,,Friday,27-08-2026,
14-08-2026,4,0,3,3,,Friday,,
14-08-2026,5,0,2,1,,Friday,27-08-2026,
14-08-2026,6,0,0,0,,Friday,17-08-2026,
14-08-2026,7,0,0,0,,Friday,24-08-2026,
14-08-2026,8,0,2,1,,Friday,27-08-2026,
14-08-2026,9,0,3,2,,Friday,,
14-08-2026,10,0,0,0,,Friday,,
14-08-2026,11,0,0,0,,Friday,,
14-08-2026,12,0,2,1,,Friday,,
14-08-2026,13,1,1,1,,Friday,24-08-2026,
14-08-2026,15,0,0,0,,Friday,,
14-08-2026,16,0,0,0,,Friday,,
14-08-2026,17,0,0,0,,Friday,31-08-2026,
14-08-2026,18,0,7,4,,Friday,17-08-2026,
14-08-2026,19,0,1,0,,Friday,24-08-2026,
14-08-2026,20,0,1,1,,Friday,21-08-2026,
14-08-2026,21,1,4,4,,Friday,17-08-2026,
14-08-2026,22,0,0,0,,Friday,,
14-08-2026,23,0,0,0,,Friday,,
14-08-2026,24,0,3,2,,Friday,24-08-2026,
14-08-2026,25,0,3,3,,Friday,24-08-2026,
14-08-2026,26,0,0,0,,Friday,31-08-2026,
14-08-2026,27,0,1,1,,Friday,22-08-2026,
14-08-2026,28,0,0,0,,Friday,,
14-08-2026,29,0,2,1,,Friday,27-08-2026,
14-08-2026,30,0,1,1,,Friday,22-08-2026,
14-08-2026,31,0,0,0,,Friday,24-08-2026,
14-08-2026,32,0,1,1,,Friday,18-08-2026,
14-08-2026,33,0,2,1,,Friday,24-08-2026,
14-08-2026,34,0,0,0,,Friday,,
14-08-2026,35,0,2,0,,Friday,31-08-2026,
14-08-2026,36,0,1,0,,Friday,24-08-2026,
14-08-2026,37,0,0,0,,Friday,31-08-2026,
14-08-2026,38,0,1,1,,Friday,27-08-2026,
14-08-2026,39,0,0,0,,Friday,,
14-08-2026,40,0,0,0,,Friday,,
14-08-2026,41,0,1,0,,Friday,21-08-2026,
14-08-2026,42,0,0,0,,Friday,24-08-2026,
14-08-2026,43,0,0,0,,Friday,,
14-08-2026,44,0,1,1,,Friday,17-08-2026,
14-08-2026,45,0,0,0,,Friday,25-08-2026,
14-08-2026,46,0,1,1,,Friday,31-08-2026,
14-08-2026,47,0,2,2,,Friday,,
17-08-2026,1,0,0,0,,Monday,,
17-08-2026,2,0,1,1,,Monday,,
17-08-2026,3,0,0,0,,Monday,27-08-2026,
17-08-2026,4,0,3,1,,Monday,,
17-08-2026,5,0,2,1,,Monday,27-08-2026,
17-08-2026,6,1,0,0,,Monday,,
17-08-2026,7,0,0,0,,Monday,24-08-2026,
17-08-2026,8,0,2,1,,Monday,27-08-2026,
17-08-2026,9,0,3,1,,Monday,,
17-08-2026,10,0,0,0,,Monday,,
17-08-2026,11,0,0,0,,Monday,,
17-08-2026,12,0,2,1,,Monday,,
17-08-2026,13,0,2,1,,Monday,24-08-2026,
17-08-2026,15,0,0,0,,Monday,,
17-08-2026,16,0,0,0,,Monday,,
17-08-2026,17,0,0,0,,Monday,31-08-2026,
17-08-2026,18,1,7,2,,Monday,,
17-08-2026,19,0,1,0,,Monday,24-08-2026,
17-08-2026,20,0,1,1,,Monday,21-08-2026,
17-08-2026,21,1,5,5,,Monday,18-08-2026,
17-08-2026,22,0,0,0,,Monday,,
17-08-2026,23,0,0,0,,Monday,,
17-08-2026,24,0,3,2,,Monday,24-08-2026,
17-08-2026,25,0,3,3,,Monday,24-08-2026,
17-08-2026,26,0,0,0,,Monday,31-08-2026,
17-08-2026,27,0,1,0,,Monday,22-08-2026,
17-08-2026,28,0,0,0,,Monday,,
17-08-2026,29,0,2,1,,Monday,27-08-2026,
17-08-2026,30,0,1,1,,Monday,22-08-2026,
17-08-2026,31,0,0,0,,Monday,24-08-2026,
17-08-2026,32,0,1,1,,Monday,18-08-2026,
17-08-2026,33,0,2,1,,Monday,24-08-2026,
17-08-2026,34,0,0,0,,Monday,,
17-08-2026,35,0,2,0,,Monday,31-08-2026,
17-08-2026,36,0,1,0,,Monday,24-08-2026,
17-08-2026,37,0,0,0,,Monday,31-08-2026,
17-08-2026,38,0,1,1,,Monday,27-08-2026,
17-08-2026,39,0,0,0,,Monday,,
17-08-2026,40,0,0,0,,Monday,,
17-08-2026,41,0,1,0,,Monday,21-08-2026,
17-08-2026,42,0,0,0,,Monday,24-08-2026,
17-08-2026,43,0,0,0,,Monday,,
17-08-2026,44,1,1,1,,Monday,22-08-2026,
17-08-2026,45,0,0,0,,Monday,25-08-2026,
17-08-2026,46,0,1,1,,Monday,31-08-2026,
17-08-2026,47,0,2,2,,Monday,,
18-08-2026,1,0,0,0,,Tuesday,,
18-08-2026,2,0,1,0,,Tuesday,,
18-08-2026,3,0,0,0,,Tuesday,27-08-2026,
18-08-2026,4,0,3,1,,Tuesday,,
18-08-2026,5,0,2,1,,Tuesday,27-08-2026,
18-08-2026,6,0,1,1,,Tuesday,,
18-08-2026,7,0,0,0,,Tuesday,24-08-2026,
18-08-2026,8,0,2,0,,Tuesday,27-08-2026,
18-08-2026,9,0,3,0,,Tuesday,,
18-08-2026,10,0,0,0,,Tuesday,,
18-08-2026,11,0,0,0,,Tuesday,,
18-08-2026,12,0,2,1,,Tuesday,,
18-08-2026,13,0,2,1,,Tuesday,24-08-2026,
18-08-2026,15,0,0,0,,Tuesday,,
18-08-2026,16,0,0,0,,Tuesday,,
18-08-2026,17,0,0,0,,Tuesday,31-08-2026,
18-08-2026,18,0,8,2,,Tuesday,,
18-08-2026,19,0,1,0,,Tuesday,24-08-2026,
18-08-2026,20,0,1,1,,Tuesday,21-08-2026,
18-08-2026,21,1,6,5,,Tuesday,19-08-2026,
18-08-2026,22,0,0,0,,Tuesday,,
18-08-2026,23,0,0,0,,Tuesday,,
18-08-2026,24,0,3,1,,Tuesday,24-08-2026,
18-08-2026,25,0,3,2,,Tuesday,24-08-2026,
18-08-2026,26,0,0,0,,Tuesday,31-08-2026,
18-08-2026,27,0,1,0,,Tuesday,22-08-2026,
18-08-2026,28,0,0,0,,Tuesday,,
18-08-2026,29,0,2,1,,Tuesday,27-08-2026,
18-08-2026,30,0,1,1,,Tuesday,22-08-2026,
18-08-2026,31,0,0,0,,Tuesday,24-08-2026,
18-08-2026,32,1,1,0,,Tuesday,,
18-08-2026,33,0,2,0,,Tuesday,24-08-2026,
18-08-2026,34,0,0,0,,Tuesday,,
18-08-2026,35,0,2,0,,Tuesday,31-08-2026,
18-08-2026,36,0,1,0,,Tuesday,24-08-2026,
18-08-2026,37,0,0,0,,Tuesday,31-08-2026,
18-08-2026,38,0,1,0,,Tuesday,27-08-2026,
18-08-2026,39,0,0,0,,Tuesday,,
18-08-2026,40,0,0,0,,Tuesday,,
18-08-2026,41,0,1,0,,Tuesday,21-08-2026,
18-08-2026,42,0,0,0,,Tuesday,24-08-2026,
18-08-2026,43,0,0,0,,Tuesday,,
18-08-2026,44,0,2,2,,Tuesday,22-08-2026,
18-08-2026,45,0,0,0,,Tuesday,25-08-2026,
18-08-2026,46,0,1,1,,Tuesday,31-08-2026,
18-08-2026,47,0,2,2,,Tuesday,,
19-08-2026,1,0,0,0,,Wednesday,,
19-08-2026,2,0,1,0,,Wednesday,,
19-08-2026,3,0,0,0,,Wednesday,27-08-2026,
19-08-2026,4,0,3,1,,Wednesday,,
19-08-2026,5,0,2,0,,Wednesday,27-08-2026,
19-08-2026,6,0,1,1,,Wednesday,,
19-08-2026,7,0,0,0,,Wednesday,24-08-2026,
19-08-2026,8,0,2,0,,Wednesday,27-08-2026,
19-08-2026,9,0,3,0,,Wednesday,,
19-08-2026,10,0,0,0,,Wednesday,,
19-08-2026,11,0,0,0,,Wednesday,,
19-08-2026,12,0,2,1,,Wednesday,,
19-08-2026,13,0,2,1,,Wednesday,24-08-2026,
19-08-2026,15,0,0,0,,Wednesday,,
19-08-2026,16,0,0,0,,Wednesday,,
19-08-2026,17,0,0,0,,Wednesday,31-08-2026,
19-08-2026,18,0,8,1,,Wednesday,,
19-08-2026,19,0,1,0,,Wednesday,24-08-2026,
19-08-2026,20,0,1,0,,Wednesday,21-08-2026,
19-08-2026,21,1,7,5,,Wednesday,20-08-2026,
19-08-2026,22,0,0,0,,Wednesday,,
19-08-2026,23,0,0,0,,Wednesday,,
19-08-2026,24,0,3,0,,Wednesday,24-08-2026,
19-08-2026,25,0,3,2,,Wednesday,24-08-2026,
19-08-2026,26,0,0,0,,Wednesday,31-08-2026,
19-08-2026,27,0,1,0,,Wednesday,22-08-2026,
19-08-2026,28,0,0,0,,Wednesday,,
19-08-2026,29,0,2,1,,Wednesday,27-08-2026,
19-08-2026,30,0,1,1,,Wednesday,22-08-2026,
19-08-2026,31,0,0,0,,Wednesday,24-08-2026,
19-08-2026,32,0,2,1,,Wednesday,,
19-08-2026,33,0,2,0,,Wednesday,24-08-2026,
19-08-2026,34,0,0,0,,Wednesday,,
19-08-2026,35,0,2,0,,Wednesday,31-08-2026,
19-08-2026,36,0,1,0,,Wednesday,24-08-2026,
19-08-2026,37,0,0,0,,Wednesday,31-08-2026,
19-08-2026,38,0,1,0,,Wednesday,27-08-2026,
19-08-2026,39,0,0,0,,Wednesday,,
19-08-2026,40,0,0,0,,Wednesday,,
19-08-2026,41,0,1,0,,Wednesday,21-08-2026,
19-08-2026,42,0,0,0,,Wednesday,24-08-2026,
19-08-2026,43,0,0,0,,Wednesday,,
19-08-2026,44,0,2,1,,Wednesday,22-08-2026,
19-08-2026,45,0,0,0,,Wednesday,25-08-2026,
19-08-2026,46,0,1,0,,Wednesday,31-08-2026,
19-08-2026,47,0,2,1,,Wednesday,,
20-08-2026,1,0,0,0,,Thursday,,
20-08-2026,2,0,1,0,,Thursday,,
20-08-2026,3,0,0,0,,Thursday,27-08-2026,
20-08-2026,4,0,3,0,,Thursday,,
20-08-2026,5,0,2,0,,Thursday,27-08-2026,
20-08-2026,6,0,1,1,,Thursday,,
20-08-2026,7,0,0,0,,Thursday,24-08-2026,
20-08-2026,8,0,2,0,,Thursday,27-08-2026,
20-08-2026,9,0,3,0,,Thursday,,
20-08-2026,10,0,0,0,,Thursday,,
20-08-2026,11,0,0,0,,Thursday,,
20-08-2026,12,0,2,0,,Thursday,,
20-08-2026,13,0,2,1,,Thursday,24-08-2026,
20-08-2026,15,0,0,0,,Thursday,,
20-08-2026,16,0,0,0,,Thursday,,
20-08-2026,17,0,0,0,,Thursday,31-08-2026,
20-08-2026,18,0,8,1,,Thursday,,
20-08-2026,19,0,1,0,,Thursday,24-08-2026,
20-08-2026,20,0,1,0,,Thursday,21-08-2026,
20-08-2026,21,1,8,5,,Thursday,21-08-2026,
20-08-2026,22,0,0,0,,Thursday,,
20-08-2026,23,0,0,0,,Thursday,,
20-08-2026,24,0,3,0,,Thursday,24-08-2026,
20-08-2026,25,0,3,1,,Thursday,24-08-2026,
20-08-2026,26,0,0,0,,Thursday,31-08-2026,
20-08-2026,27,0,1,0,,Thursday,22-08-2026,
20-08-2026,28,0,0,0,,Thursday,,
20-08-2026,29,0,2,0,,Thursday,27-08-2026,
20-08-2026,30,0,1,0,,Thursday,22-08-2026,
20-08-2026,31,0,0,0,,Thursday,24-08-2026,
20-08-2026,32,0,2,1,,Thursday,,
20-08-2026,33,0,2,0,,Thursday,24-08-2026,
20-08-2026,34,0,0,0,,Thursday,,
20-08-2026,35,0,2,0,,Thursday,31-08-2026,
20-08-2026,36,0,1,0,,Thursday,24-08-2026,
20-08-2026,37,0,0,0,,Thursday,31-08-2026,
20-08-2026,38,0,1,0,,Thursday,27-08-2026,
20-08-2026,39,0,0,0,,Thursday,,
20-08-2026,40,0,0,0,,Thursday,,
20-08-2026,41,0,1,0,,Thursday,21-08-2026,
20-08-2026,42,0,0,0,,Thursday,24-08-2026,
20-08-2026,43,0,0,0,,Thursday,,
20-08-2026,44,0,2,1,,Thursday,22-08-2026,
20-08-2026,45,0,0,0,,Thursday,25-08-2026,
20-08-2026,46,0,1,0,,Thursday,31-08-2026,
20-08-2026,47,0,2,0,,Thursday,,
21-08-2026,1,0,0,0,,Friday,,
21-08-2026,2,0,1,0,,Friday,,
21-08-2026,3,0,0,0,,Friday,27-08-2026,
21-08-2026,4,0,3,0,,Friday,,
21-08-2026,5,0,2,0,,Friday,27-08-2026,
21-08-2026,6,0,1,1,,Friday,,
21-08-2026,7,0,0,0,,Friday,24-08-2026,
21-08-2026,8,0,2,0,,Friday,27-08-2026,
21-08-2026,9,0,3,0,,Friday,,
21-08-2026,10,0,0,0,,Friday,,
21-08-2026,11,0,0,0,,Friday,,
21-08-2026,12,0,2,0,,Friday,,
21-08-2026,13,0,2,1,,Friday,24-08-2026,
21-08-2026,15,0,0,0,,Friday,,
21-08-2026,16,0,0,0,,Friday,,
21-08-2026,17,0,0,0,,Friday,31-08-2026,
21-08-2026,18,0,8,1,,Friday,,
21-08-2026,19,0,1,0,,Friday,24-08-2026,
21-08-2026,20,1,1,0,,Friday,,
21-08-2026,21,1,9,5,,Friday,22-08-2026,
21-08-2026,22,0,0,0,,Friday,,
21-08-2026,23,0,0,0,,Friday,,
21-08-2026,24,0,3,0,,Friday,24-08-2026,
21-08-2026,25,0,3,0,,Friday,24-08-2026,
21-08-2026,26,0,0,0,,Friday,31-08-2026,
21-08-2026,27,0,1,0,,Friday,22-08-2026,
21-08-2026,28,0,0,0,,Friday,,
21-08-2026,29,0,2,0,,Friday,27-08-2026,
21-08-2026,30,0,1,0,,Friday,22-08-2026,
21-08-2026,31,0,0,0,,Friday,24-08-2026,
21-08-2026,32,0,2,1,,Friday,,
21-08-2026,33,0,2,0,,Friday,24-08-2026,
21-08-2026,34,0,0,0,,Friday,,
21-08-2026,35,0,2,0,,Friday,31-08-2026,
21-08-2026,36,0,1,0,,Friday,24-08-2026,
21-08-2026,37,0,0,0,,Friday,31-08-2026,
21-08-2026,38,0,1,0,,Friday,27-08-2026,
21-08-2026,39,0,0,0,,Friday,,
21-08-2026,40,0,0,0,,Friday,,
21-08-2026,41,1,1,0,,Friday,,
21-08-2026,42,0,0,0,,Friday,24-08-2026,
21-08-2026,43,0,0,0,,Friday,,
21-08-2026,44,0,2,1,,Friday,22-08-2026,
21-08-2026,45,0,0,0,,Friday,25-08-2026,
21-08-2026,46,0,1,0,,Friday,31-08-2026,
21-08-2026,47,0,2,0,,Friday,,
22-08-2026,1,0,0,0,,Saturday,,
22-08-2026,2,0,1,0,,Saturday,,
22-08-2026,3,0,0,0,,Saturday,27-08-2026,
22-08-2026,4,0,3,0,,Saturday,,
22-08-2026,5,0,2,0,,Saturday,27-08-2026,
22-08-2026,6,0,1,1,,Saturday,,
22-08-2026,7,0,0,0,,Saturday,24-08-2026,
22-08-2026,8,0,2,0,,Saturday,27-08-2026,
22-08-2026,9,0,3,0,,Saturday,,
22-08-2026,10,0,0,0,,Saturday,,
22-08-2026,11,0,0,0,,Saturday,,
22-08-2026,12,0,2,0,,Saturday,,
22-08-2026,13,0,2,0,,Saturday,24-08-2026,
22-08-2026,15,0,0,0,,Saturday,,
22-08-2026,16,0,0,0,,Saturday,,
22-08-2026,17,0,0,0,,Saturday,31-08-2026,
22-08-2026,18,0,8,1,,Saturday,,
22-08-2026,19,0,1,0,,Saturday,24-08-2026,
22-08-2026,20,0,2,1,,Saturday,,
22-08-2026,21,1,10,5,,Saturday,24-08-2026,
22-08-2026,22,0,0,0,,Saturday,,
22-08-2026,23,0,0,0,,Saturday,,
22-08-2026,24,0,3,0,,Saturday,24-08-2026,
22-08-2026,25,0,3,0,,Saturday,24-08-2026,
22-08-2026,26,0,0,0,,Saturday,31-08-2026,
22-08-2026,27,1,1,0,,Saturday,25-08-2026,
22-08-2026,28,0,0,0,,Saturday,,
22-08-2026,29,0,2,0,,Saturday,27-08-2026,
22-08-2026,30,1,1,0,,Saturday,,
22-08-2026,31,0,0,0,,Saturday,24-08-2026,
22-08-2026,32,0,2,1,,Saturday,,
22-08-2026,33,0,2,0,,Saturday,24-08-2026,
22-08-2026,34,0,0,0,,Saturday,,
22-08-2026,35,0,2,0,,Saturday,31-08-2026,
22-08-2026,36,0,1,0,,Saturday,24-08-2026,
22-08-2026,37,0,0,0,,Saturday,31-08-2026,
22-08-2026,38,0,1,0,,Saturday,27-08-2026,
22-08-2026,39,0,0,0,,Saturday,,
22-08-2026,40,0,0,0,,Saturday,,
22-08-2026,41,0,2,1,,Saturday,,
22-08-2026,42,0,0,0,,Saturday,24-08-2026,
22-08-2026,43,0,0,0,,Saturday,,
22-08-2026,44,1,2,1,,Saturday,31-08-2026,
22-08-2026,45,0,0,0,,Saturday,25-08-2026,
22-08-2026,46,0,1,0,,Saturday,31-08-2026,
22-08-2026,47,0,2,0,,Saturday,,
24-08-2026,1,0,0,0,,Monday,,
24-08-2026,2,0,1,0,,Monday,,
24-08-2026,3,0,0,0,,Monday,27-08-2026,
24-08-2026,4,0,3,0,,Monday,,
24-08-2026,5,0,2,0,,Monday,27-08-2026,
24-08-2026,6,0,1,1,,Monday,,
24-08-2026,7,1,0,0,,Monday,25-08-2026,
24-08-2026,8,0,2,0,,Monday,27-08-2026,
24-08-2026,9,0,3,0,,Monday,,
24-08-2026,10,0,0,0,,Monday,,
24-08-2026,11,0,0,0,,Monday,,
24-08-2026,12,0,2,0,,Monday,,
24-08-2026,13,1,2,0,,Monday,,
24-08-2026,15,0,0,0,,Monday,,
24-08-2026,16,0,0,0,,Monday,,
24-08-2026,17,0,0,0,,Monday,31-08-2026,
24-08-2026,18,0,8,1,,Monday,,
24-08-2026,19,1,1,0,,Monday,,
24-08-2026,20,0,2,1,,Monday,,
24-08-2026,21,1,11,6,,Monday,25-08-2026,
24-08-2026,22,0,0,0,,Monday,,
24-08-2026,23,0,0,0,,Monday,,
24-08-2026,24,1,3,0,,Monday,25-08-2026,
24-08-2026,25,1,3,0,,Monday,31-08-2026,
24-08-2026,26,0,0,0,,Monday,31-08-2026,
24-08-2026,27,0,2,1,,Monday,25-08-2026,
24-08-2026,28,0,0,0,,Monday,,
24-08-2026,29,0,2,0,,Monday,27-08-2026,
24-08-2026,30,0,2,1,,Monday,,
24-08-2026,31,1,0,0,,Monday,,
24-08-2026,32,0,2,1,,Monday,,
24-08-2026,33,1,2,0,,Monday,31-08-2026,
24-08-2026,34,0,0,0,,Monday,,
24-08-2026,35,0,2,0,,Monday,31-08-2026,
24-08-2026,36,1,1,0,,Monday,,
24-08-2026,37,0,0,0,,Monday,31-08-2026,
24-08-2026,38,0,1,0,,Monday,27-08-2026,
24-08-2026,39,0,0,0,,Monday,,
24-08-2026,40,0,0,0,,Monday,,
24-08-2026,41,0,2,1,,Monday,,
24-08-2026,42,1,0,0,,Monday,,
24-08-2026,43,0,0,0,,Monday,,
24-08-2026,44,0,3,2,,Monday,31-08-2026,
24-08-2026,45,0,0,0,,Monday,25-08-2026,
24-08-2026,46,0,1,0,,Monday,31-08-2026,
24-08-2026,47,0,2,0,,Monday,,
25-08-2026,1,0,0,0,,Tuesday,,
25-08-2026,2,0,1,0,,Tuesday,,
25-08-2026,3,0,0,0,,Tuesday,27-08-2026,
25-08-2026,4,0,3,0,,Tuesday,,
25-08-2026,5,0,2,0,,Tuesday,27-08-2026,
25-08-2026,6,0,1,0,,Tuesday,,
25-08-2026,7,1,1,1,,Tuesday,,
25-08-2026,8,0,2,0,,Tuesday,27-08-2026,
25-08-2026,9,0,3,0,,Tuesday,,
25-08-2026,10,0,0,0,,Tuesday,,
25-08-2026,11,0,0,0,,Tuesday,,
25-08-2026,12,0,2,0,,Tuesday,,
25-08-2026,13,0,3,1,,Tuesday,,
25-08-2026,15,0,0,0,,Tuesday,,
25-08-2026,16,0,0,0,,Tuesday,,
25-08-2026,17,0,0,0,,Tuesday,31-08-2026,
25-08-2026,18,0,8,0,,Tuesday,,
25-08-2026,19,0,2,1,,Tuesday,,
25-08-2026,20,0,2,1,,Tuesday,,
25-08-2026,21,1,12,6,,Tuesday,27-08-2026,
25-08-2026,22,0,0,0,,Tuesday,,
25-08-2026,23,0,0,0,,Tuesday,,
25-08-2026,24,1,4,1,,Tuesday,,
25-08-2026,25,0,4,1,,Tuesday,31-08-2026,
25-08-2026,26,0,0,0,,Tuesday,31-08-2026,
25-08-2026,27,1,2,1,,Tuesday,,
25-08-2026,28,0,0,0,,Tuesday,,
25-08-2026,29,0,2,0,,Tuesday,27-08-2026,
25-08-2026,30,0,2,1,,Tuesday,,
25-08-2026,31,0,1,1,,Tuesday,,
25-08-2026,32,0,2,1,,Tuesday,,
25-08-2026,33,0,3,1,,Tuesday,31-08-2026,
25-08-2026,34,0,0,0,,Tuesday,,
25-08-2026,35,0,2,0,,Tuesday,31-08-2026,
25-08-2026,36,0,2,1,,Tuesday,,
25-08-2026,37,0,0,0,,Tuesday,31-08-2026,
25-08-2026,38,0,1,0,,Tuesday,27-08-2026,
25-08-2026,39,0,0,0,,Tuesday,,
25-08-2026,40,0,0,0,,Tuesday,,
25-08-2026,41,0,2,1,,Tuesday,,
25-08-2026,42,0,1,1,,Tuesday,,
25-08-2026,43,0,0,0,,Tuesday,,
25-08-2026,44,0,3,1,,Tuesday,31-08-2026,
25-08-2026,45,1,0,0,,Tuesday,,
25-08-2026,46,0,1,0,,Tuesday,31-08-2026,
25-08-2026,47,0,2,0,,Tuesday,,
27-08-2026,1,0,0,0,,Thursday,,
27-08-2026,2,0,1,0,,Thursday,,
27-08-2026,3,1,0,0,,Thursday,,
27-08-2026,4,0,3,0,,Thursday,,
27-08-2026,5,1,2,0,,Thursday,,
27-08-2026,6,0,1,0,,Thursday,,
27-08-2026,7,0,2,2,,Thursday,,
27-08-2026,8,1,2,0,,Thursday,31-08-2026,
27-08-2026,9,0,3,0,,Thursday,,
27-08-2026,10,0,0,0,,Thursday,,
27-08-2026,11,0,0,0,,Thursday,,
27-08-2026,12,0,2,0,,Thursday,,
27-08-2026,13,0,3,1,,Thursday,,
27-08-2026,15,0,0,0,,Thursday,,
27-08-2026,16,0,0,0,,Thursday,,
27-08-2026,17,0,0,0,,Thursday,31-08-2026,
27-08-2026,18,0,8,0,,Thursday,,
27-08-2026,19,0,2,1,,Thursday,,
27-08-2026,20,0,2,1,,Thursday,,
27-08-2026,21,1,13,5,,Thursday,28-08-2026,
27-08-2026,22,0,0,0,,Thursday,,
27-08-2026,23,0,0,0,,Thursday,,
27-08-2026,24,0,5,2,,Thursday,,
27-08-2026,25,0,4,1,,Thursday,31-08-2026,
27-08-2026,26,0,0,0,,Thursday,31-08-2026,
27-08-2026,27,0,3,2,,Thursday,,
27-08-2026,28,0,0,0,,Thursday,,
27-08-2026,29,1,2,0,,Thursday,,
27-08-2026,30,0,2,1,,Thursday,,
27-08-2026,31,0,1,1,,Thursday,,
27-08-2026,32,0,2,0,,Thursday,,
27-08-2026,33,0,3,1,,Thursday,31-08-2026,
27-08-2026,34,0,0,0,,Thursday,,
27-08-2026,35,0,2,0,,Thursday,31-08-2026,
27-08-2026,36,0,2,1,,Thursday,,
27-08-2026,37,0,0,0,,Thursday,31-08-2026,
27-08-2026,38,1,1,0,,Thursday,,
27-08-2026,39,0,0,0,,Thursday,,
27-08-2026,40,0,0,0,,Thursday,,
27-08-2026,41,0,2,1,,Thursday,,
27-08-2026,42,0,1,1,,Thursday,,
27-08-2026,43,0,0,0,,Thursday,,
27-08-2026,44,0,3,1,,Thursday,31-08-2026,
27-08-2026,45,0,1,1,,Thursday,,
27-08-2026,46,0,1,0,,Thursday,31-08-2026,
27-08-2026,47,0,2,0,,Thursday,,
28-08-2026,1,0,0,0,,Friday,,
28-08-2026,2,0,1,0,,Friday,,
28-08-2026,3,0,1,1,,Friday,,
28-08-2026,4,0,3,0,,Friday,,
28-08-2026,5,0,3,1,,Friday,,
28-08-2026,6,0,1,0,,Friday,,
28-08-2026,7,0,2,2,,Friday,,
28-08-2026,8,0,3,1,,Friday,31-08-2026,
28-08-2026,9,0,3,0,,Friday,,
28-08-2026,10,0,0,0,,Friday,,
28-08-2026,11,0,0,0,,Friday,,
28-08-2026,12,0,2,0,,Friday,,
28-08-2026,13,0,3,1,,Friday,,
28-08-2026,15,0,0,0,,Friday,,
28-08-2026,16,0,0,0,,Friday,,
28-08-2026,17,0,0,0,,Friday,31-08-2026,
28-08-2026,18,0,8,0,,Friday,,
28-08-2026,19,0,2,1,,Friday,,
28-08-2026,20,0,2,1,,Friday,,
28-08-2026,21,1,14,5,,Friday,31-08-2026,
28-08-2026,22,0,0,0,,Friday,,
28-08-2026,23,0,0,0,,Friday,,
28-08-2026,24,0,5,2,,Friday,,
28-08-2026,25,0,4,1,,Friday,31-08-2026,
28-08-2026,26,0,0,0,,Friday,31-08-2026,
28-08-2026,27,0,3,2,,Friday,,
28-08-2026,28,0,0,0,,Friday,,
28-08-2026,29,0,3,1,,Friday,,
28-08-2026,30,0,2,1,,Friday,,
28-08-2026,31,0,1,1,,Friday,,
28-08-2026,32,0,2,0,,Friday,,
28-08-2026,33,0,3,1,,Friday,31-08-2026,
28-08-2026,34,0,0,0,,Friday,,
28-08-2026,35,0,2,0,,Friday,31-08-2026,
28-08-2026,36,0,2,1,,Friday,,
28-08-2026,37,0,0,0,,Friday,31-08-2026,
28-08-2026,38,0,2,1,,Friday,,
28-08-2026,39,0,0,0,,Friday,,
28-08-2026,40,0,0,0,,Friday,,
28-08-2026,41,0,2,1,,Friday,,
28-08-2026,42,0,1,1,,Friday,,
28-08-2026,43,0,0,0,,Friday,,
28-08-2026,44,0,3,1,,Friday,31-08-2026,
28-08-2026,45,0,1,1,,Friday,,
28-08-2026,46,0,1,0,,Friday,31-08-2026,
28-08-2026,47,0,2,0,,Friday,,
31-08-2026,1,0,0,0,,Monday,,
31-08-2026,2,0,1,0,,Monday,,
31-08-2026,3,0,1,1,,Monday,,
31-08-2026,4,0,3,0,,Monday,,
31-08-2026,5,0,3,1,,Monday,,
31-08-2026,6,0,1,0,,Monday,,
31-08-2026,7,0,2,2,,Monday,,
31-08-2026,8,1,3,1,,Monday,,
31-08-2026,9,0,3,0,,Monday,,
31-08-2026,10,0,0,0,,Monday,,
31-08-2026,11,0,0,0,,Monday,,
31-08-2026,12,0,2,0,,Monday,,
31-08-2026,13,0,3,1,,Monday,,
31-08-2026,15,0,0,0,,Monday,,
31-08-2026,16,0,0,0,,Monday,,
31-08-2026,17,1,0,0,,Monday,,
31-08-2026,18,0,8,0,,Monday,,
31-08-2026,19,0,2,1,,Monday,,
31-08-2026,20,0,2,0,,Monday,,
31-08-2026,21,1,15,4,,Monday,,
31-08-2026,22,0,0,0,,Monday,,
31-08-2026,23,0,0,0,,Monday,,
31-08-2026,24,0,5,2,,Monday,,
31-08-2026,25,1,4,1,,Monday,,
31-08-2026,26,1,0,0,,Monday,,
31-08-2026,27,0,3,1,,Monday,,
31-08-2026,28,0,0,0,,Monday,,
31-08-2026,29,0,3,1,,Monday,,
31-08-2026,30,0,2,0,,Monday,,
31-08-2026,31,0,1,1,,Monday,,
31-08-2026,32,0,2,0,,Monday,,
31-08-2026,33,1,3,1,,Monday,,
31-08-2026,34,0,0,0,,Monday,,
31-08-2026,35,1,2,0,,Monday,,
31-08-2026,36,0,2,1,,Monday,,
31-08-2026,37,1,0,0,,Monday,,
31-08-2026,38,0,2,1,,Monday,,
31-08-2026,39,0,0,0,,Monday,,
31-08-2026,40,0,0,0,,Monday,,
31-08-2026,41,0,2,0,,Monday,,
31-08-2026,42,0,1,1,,Monday,,
31-08-2026,43,0,0,0,,Monday,,
31-08-2026,44,1,3,0,,Monday,,
31-08-2026,45,0,1,1,,Monday,,
31-08-2026,46,1,1,0,,Monday,,
31-08-2026,47,0,2,0,,Monday,,
