DATE,ROLL NO,PREVIOUS ABSENCES,RECENT ABSENCES,DAY OF WEEK,ABSENCE PROBABILITY,RISK LEVEL
2026-09-01,1,0,0,Tuesday,0.0,Low
2026-09-01,2,1,0,Tuesday,1.0,Low
2026-09-01,3,1,1,Tuesday,1.0,Low
2026-09-01,4,3,0,Tuesday,1.0,Low
2026-09-01,5,3,1,Tuesday,1.0,Low
2026-09-01,6,1,0,Tuesday,5.0,Low
2026-09-01,7,2,1,Tuesday,3.0,Low
2026-09-01,8,4,2,Tuesday,16.0,Low
2026-09-01,9,3,0,Tuesday,0.0,Low
2026-09-01,10,0,0,Tuesday,0.0,Low
2026-09-01,11,0,0,Tuesday,0.0,Low
2026-09-01,12,2,0,Tuesday,1.0,Low
2026-09-01,13,3,0,Tuesday,10.0,Low
2026-09-01,15,0,0,Tuesday,0.0,Low
2026-09-01,16,0,0,Tuesday,0.0,Low
2026-09-01,17,1,1,Tuesday,1.0,Low
2026-09-01,18,8,0,Tuesday,26.0,Low
2026-09-01,19,2,0,Tuesday,1.0,Low
2026-09-01,20,2,0,Tuesday,20.9,Low
2026-09-01,21,16,4,Tuesday,92.0,High
2026-09-01,22,0,0,Tuesday,0.0,Low
2026-09-01,23,0,0,Tuesday,0.0,Low
2026-09-01,24,5,1,Tuesday,23.0,Low
2026-09-01,25,5,1,Tuesday,14.0,Low
2026-09-01,26,1,1,Tuesday,1.0,Low
2026-09-01,27,3,1,Tuesday,0.0,Low
2026-09-01,28,0,0,Tuesday,0.0,Low
2026-09-01,29,3,1,Tuesday,0.0,Low
2026-09-01,30,2,0,Tuesday,6.0,Low
2026-09-01,31,1,0,Tuesday,9.0,Low
2026-09-01,32,2,0,Tuesday,43.0,Medium
2026-09-01,33,4,1,Tuesday,10.0,Low
2026-09-01,34,0,0,Tuesday,0.0,Low
2026-09-01,35,3,1,Tuesday,4.0,Low
2026-09-01,36,2,0,Tuesday,0.0,Low
2026-09-01,37,1,1,Tuesday,1.0,Low
2026-09-01,38,2,1,Tuesday,3.0,Low
2026-09-01,39,0,0,Tuesday,0.0,Low
2026-09-01,40,0,0,Tuesday,0.0,Low
2026-09-01,41,2,0,Tuesday,1.91,Low
2026-09-01,42,1,0,Tuesday,6.0,Low
2026-09-01,43,0,0,Tuesday,0.0,Low
2026-09-01,44,4,1,Tuesday,22.65,Low
2026-09-01,45,1,1,Tuesday,0.0,Low
2026-09-01,46,2,1,Tuesday,3.82,Low
2026-09-01,47,2,0,Tuesday,15.47,Low
2026-09-02,1,0,0,Wednesday,0.0,Low
2026-09-02,2,1,0,Wednesday,3.0,Low
2026-09-02,3,1,1,Wednesday,4.0,Low
2026-09-02,4,3,0,Wednesday,6.0,Low
2026-09-02,5,3,1,Wednesday,1.0,Low
2026-09-02,6,1,0,Wednesday,8.0,Low
2026-09-02,7,2,0,Wednesday,3.0,Low
2026-09-02,8,4,2,Wednesday,21.0,Low
2026-09-02,9,3,0,Wednesday,0.0,Low
2026-09-02,10,0,0,Wednesday,0.0,Low
2026-09-02,11,0,0,Wednesday,0.0,Low
2026-09-02,12,2,0,Wednesday,18.0,Low
2026-09-02,13,3,0,Wednesday,9.0,Low
2026-09-02,15,0,0,Wednesday,0.0,Low
2026-09-02,16,0,0,Wednesday,0.0,Low
2026-09-02,17,1,1,Wednesday,4.0,Low
2026-09-02,18,8,0,Wednesday,8.0,Low
2026-09-02,19,2,0,Wednesday,2.0,Low
2026-09-02,20,2,0,Wednesday,7.0,Low
2026-09-02,21,16,3,Wednesday,92.91,High
2026-09-02,22,0,0,Wednesday,0.0,Low
2026-09-02,23,0,0,Wednesday,0.0,Low
2026-09-02,24,5,0,Wednesday,14.0,Low
2026-09-02,25,5,1,Wednesday,35.0,Medium
2026-09-02,26,1,1,Wednesday,3.0,Low
2026-09-02,27,3,0,Wednesday,1.0,Low
2026-09-02,28,0,0,Wednesday,0.0,Low
2026-09-02,29,3,1,Wednesday,2.0,Low
2026-09-02,30,2,0,Wednesday,14.32,Low
2026-09-02,31,1,0,Wednesday,11.0,Low
2026-09-02,32,2,0,Wednesday,9.0,Low
2026-09-02,33,4,1,Wednesday,14.0,Low
2026-09-02,34,0,0,Wednesday,0.0,Low
2026-09-02,35,3,1,Wednesday,3.0,Low
2026-09-02,36,2,0,Wednesday,5.0,Low
2026-09-02,37,1,1,Wednesday,3.0,Low
2026-09-02,38,2,1,Wednesday,1.0,Low
2026-09-02,39,0,0,Wednesday,0.0,Low
2026-09-02,40,0,0,Wednesday,0.0,Low
2026-09-02,41,2,0,Wednesday,2.91,Low
2026-09-02,42,1,0,Wednesday,11.0,Low
2026-09-02,43,0,0,Wednesday,0.0,Low
2026-09-02,44,4,1,Wednesday,11.0,Low
2026-09-02,45,1,0,Wednesday,11.0,Low
2026-09-02,46,2,1,Wednesday,1.0,Low
2026-09-02,47,2,0,Wednesday,9.94,Low
2026-09-03,1,0,0,Thursday,0.0,Low
2026-09-03,2,1,0,Thursday,0.0,Low
2026-09-03,3,1,1,Thursday,0.0,Low
2026-09-03,4,3,0,Thursday,0.0,Low
2026-09-03,5,3,1,Thursday,0.0,Low
2026-09-03,6,1,0,Thursday,0.0,Low
2026-09-03,7,2,0,Thursday,0.0,Low
2026-09-03,8,4,2,Thursday,21.0,Low
2026-09-03,9,3,0,Thursday,0.0,Low
2026-09-03,10,0,0,Thursday,0.0,Low
2026-09-03,11,0,0,Thursday,0.0,Low
2026-09-03,12,2,0,Thursday,0.0,Low
2026-09-03,13,3,0,Thursday,2.0,Low
2026-09-03,15,0,0,Thursday,0.0,Low
2026-09-03,16,0,0,Thursday,0.0,Low
2026-09-03,17,1,1,Thursday,0.0,Low
2026-09-03,18,8,0,Thursday,10.0,Low
2026-09-03,19,2,0,Thursday,0.0,Low
2026-09-03,20,2,0,Thursday,4.0,Low
2026-09-03,21,16,3,Thursday,89.0,High
2026-09-03,22,0,0,Thursday,0.0,Low
2026-09-03,23,0,0,Thursday,0.0,Low
2026-09-03,24,5,0,Thursday,10.0,Low
2026-09-03,25,5,1,Thursday,15.0,Low
2026-09-03,26,1,1,Thursday,0.0,Low
2026-09-03,27,3,0,Thursday,1.0,Low
2026-09-03,28,0,0,Thursday,0.0,Low
2026-09-03,29,3,1,Thursday,0.0,Low
2026-09-03,30,2,0,Thursday,1.0,Low
2026-09-03,31,1,0,Thursday,0.0,Low
2026-09-03,32,2,0,Thursday,5.0,Low
2026-09-03,33,4,1,Thursday,7.0,Low
2026-09-03,34,0,0,Thursday,0.0,Low
2026-09-03,35,3,1,Thursday,2.0,Low
2026-09-03,36,2,0,Thursday,0.0,Low
2026-09-03,37,1,1,Thursday,0.0,Low
2026-09-03,38,2,1,Thursday,0.0,Low
2026-09-03,39,0,0,Thursday,0.0,Low
2026-09-03,40,0,0,Thursday,0.0,Low
2026-09-03,41,2,0,Thursday,1.0,Low
2026-09-03,42,1,0,Thursday,0.0,Low
2026-09-03,43,0,0,Thursday,0.0,Low
2026-09-03,44,4,1,Thursday,9.0,Low
2026-09-03,45,1,0,Thursday,0.0,Low
2026-09-03,46,2,1,Thursday,0.0,Low
2026-09-03,47,2,0,Thursday,0.0,Low
2026-09-07,1,0,0,Monday,1.0,Low
2026-09-07,2,1,0,Monday,8.48,Low
2026-09-07,3,1,0,Monday,5.58,Low
2026-09-07,4,3,0,Monday,8.0,Low
2026-09-07,5,3,0,Monday,14.0,Low
2026-09-07,6,1,0,Monday,35.61,Medium
2026-09-07,7,2,0,Monday,23.98,Low
2026-09-07,8,4,1,Monday,22.0,Low
2026-09-07,9,3,0,Monday,14.0,Low
2026-09-07,10,0,0,Monday,0.0,Low
2026-09-07,11,0,0,Monday,0.91,Low
2026-09-07,12,2,0,Monday,9.0,Low
2026-09-07,13,3,0,Monday,66.0,High
2026-09-07,15,0,0,Monday,0.0,Low
2026-09-07,16,0,0,Monday,0.0,Low
2026-09-07,17,1,1,Monday,10.0,Low
2026-09-07,18,8,0,Monday,40.0,Medium
2026-09-07,19,2,0,Monday,39.27,Medium
2026-09-07,20,2,0,Monday,9.0,Low
2026-09-07,21,16,1,Monday,59.21,Medium
2026-09-07,22,0,0,Monday,1.0,Low
2026-09-07,23,0,0,Monday,0.0,Low
2026-09-07,24,5,0,Monday,72.0,High
2026-09-07,25,5,1,Monday,54.82,Medium
2026-09-07,26,1,1,Monday,5.0,Low
2026-09-07,27,3,0,Monday,13.0,Low
2026-09-07,28,0,0,Monday,0.0,Low
2026-09-07,29,3,0,Monday,30.0,Medium
2026-09-07,30,2,0,Monday,8.0,Low
2026-09-07,31,1,0,Monday,7.67,Low
2026-09-07,32,2,0,Monday,33.17,Medium
2026-09-07,33,4,1,Monday,19.0,Low
2026-09-07,34,0,0,Monday,0.84,Low
2026-09-07,35,3,1,Monday,16.0,Low
2026-09-07,36,2,0,Monday,8.0,Low
2026-09-07,37,1,1,Monday,8.0,Low
2026-09-07,38,2,0,Monday,25.73,Low
2026-09-07,39,0,0,Monday,1.0,Low
2026-09-07,40,0,0,Monday,0.0,Low
2026-09-07,41,2,0,Monday,15.0,Low
2026-09-07,42,1,0,Monday,6.58,Low
2026-09-07,43,0,0,Monday,0.0,Low
2026-09-07,44,4,1,Monday,38.0,Medium
2026-09-07,45,1,0,Monday,8.5,Low
2026-09-07,46,2,1,Monday,1.0,Low
2026-09-07,47,2,0,Monday,8.0,Low
2026-09-08,1,0,0,Tuesday,0.0,Low
2026-09-08,2,1,0,Tuesday,1.0,Low
2026-09-08,3,1,0,Tuesday,8.0,Low
2026-09-08,4,3,0,Tuesday,1.0,Low
2026-09-08,5,3,0,Tuesday,18.0,Low
2026-09-08,6,1,0,Tuesday,5.0,Low
2026-09-08,7,2,0,Tuesday,1.0,Low
2026-09-08,8,4,0,Tuesday,9.0,Low
2026-09-08,9,3,0,Tuesday,0.0,Low
2026-09-08,10,0,0,Tuesday,0.0,Low
2026-09-08,11,0,0,Tuesday,0.0,Low
2026-09-08,12,2,0,Tuesday,1.0,Low
2026-09-08,13,3,0,Tuesday,10.0,Low
2026-09-08,15,0,0,Tuesday,0.0,Low
2026-09-08,16,0,0,Tuesday,0.0,Low
2026-09-08,17,1,0,Tuesday,7.0,Low
2026-09-08,18,8,0,Tuesday,26.0,Low
2026-09-08,19,2,0,Tuesday,1.0,Low
2026-09-08,20,2,0,Tuesday,20.9,Low
2026-09-08,21,16,0,Tuesday,46.84,Medium
2026-09-08,22,0,0,Tuesday,0.0,Low
2026-09-08,23,0,0,Tuesday,0.0,Low
2026-09-08,24,5,0,Tuesday,23.0,Low
2026-09-08,25,5,0,Tuesday,15.0,Low
2026-09-08,26,1,0,Tuesday,8.0,Low
2026-09-08,27,3,0,Tuesday,3.0,Low
2026-09-08,28,0,0,Tuesday,0.0,Low
2026-09-08,29,3,0,Tuesday,1.0,Low
2026-09-08,30,2,0,Tuesday,6.0,Low
2026-09-08,31,1,0,Tuesday,9.0,Low
2026-09-08,32,2,0,Tuesday,43.0,Medium
2026-09-08,33,4,0,Tuesday,10.0,Low
2026-09-08,34,0,0,Tuesday,0.0,Low
2026-09-08,35,3,0,Tuesday,0.0,Low
2026-09-08,36,2,0,Tuesday,0.0,Low
2026-09-08,37,1,0,Tuesday,7.0,Low
2026-09-08,38,2,0,Tuesday,0.0,Low
2026-09-08,39,0,0,Tuesday,0.0,Low
2026-09-08,40,0,0,Tuesday,0.0,Low
2026-09-08,41,2,0,Tuesday,1.91,Low
2026-09-08,42,1,0,Tuesday,6.0,Low
2026-09-08,43,0,0,Tuesday,0.0,Low
2026-09-08,44,4,0,Tuesday,31.17,Medium
2026-09-08,45,1,0,Tuesday,7.0,Low
2026-09-08,46,2,0,Tuesday,10.61,Low
2026-09-08,47,2,0,Tuesday,15.47,Low
2026-09-09,1,0,0,Wednesday,0.0,Low
2026-09-09,2,1,0,Wednesday,3.0,Low
2026-09-09,3,1,0,Wednesday,11.0,Low
2026-09-09,4,3,0,Wednesday,6.0,Low
2026-09-09,5,3,0,Wednesday,2.0,Low
2026-09-09,6,1,0,Wednesday,8.0,Low
2026-09-09,7,2,0,Wednesday,3.0,Low
2026-09-09,8,4,0,Wednesday,9.0,Low
2026-09-09,9,3,0,Wednesday,0.0,Low
2026-09-09,10,0,0,Wednesday,0.0,Low
2026-09-09,11,0,0,Wednesday,0.0,Low
2026-09-09,12,2,0,Wednesday,18.0,Low
2026-09-09,13,3,0,Wednesday,9.0,Low
2026-09-09,15,0,0,Wednesday,0.0,Low
2026-09-09,16,0,0,Wednesday,0.0,Low
2026-09-09,17,1,0,Wednesday,10.0,Low
2026-09-09,18,8,0,Wednesday,8.0,Low
2026-09-09,19,2,0,Wednesday,2.0,Low
2026-09-09,20,2,0,Wednesday,7.0,Low
2026-09-09,21,16,0,Wednesday,44.91,Medium
2026-09-09,22,0,0,Wednesday,0.0,Low
2026-09-09,23,0,0,Wednesday,0.0,Low
2026-09-09,24,5,0,Wednesday,14.0,Low
2026-09-09,25,5,0,Wednesday,25.0,Low
2026-09-09,26,1,0,Wednesday,11.0,Low
2026-09-09,27,3,0,Wednesday,1.0,Low
2026-09-09,28,0,0,Wednesday,0.0,Low
2026-09-09,29,3,0,Wednesday,14.0,Low
2026-09-09,30,2,0,Wednesday,14.32,Low
2026-09-09,31,1,0,Wednesday,11.0,Low
2026-09-09,32,2,0,Wednesday,9.0,Low
2026-09-09,33,4,0,Wednesday,14.0,Low
2026-09-09,34,0,0,Wednesday,0.0,Low
2026-09-09,35,3,0,Wednesday,0.0,Low
2026-09-09,36,2,0,Wednesday,5.0,Low
2026-09-09,37,1,0,Wednesday,9.0,Low
2026-09-09,38,2,0,Wednesday,2.0,Low
2026-09-09,39,0,0,Wednesday,0.0,Low
2026-09-09,40,0,0,Wednesday,0.0,Low
2026-09-09,41,2,0,Wednesday,2.91,Low
2026-09-09,42,1,0,Wednesday,11.0,Low
2026-09-09,43,0,0,Wednesday,0.0,Low
2026-09-09,44,4,0,Wednesday,9.91,Low
2026-09-09,45,1,0,Wednesday,11.0,Low
2026-09-09,46,2,0,Wednesday,2.84,Low
2026-09-09,47,2,0,Wednesday,9.94,Low
2026-09-10,1,0,0,Thursday,0.0,Low
2026-09-10,2,1,0,Thursday,0.0,Low
2026-09-10,3,1,0,Thursday,0.0,Low
2026-09-10,4,3,0,Thursday,0.0,Low
2026-09-10,5,3,0,Thursday,0.0,Low
2026-09-10,6,1,0,Thursday,0.0,Low
2026-09-10,7,2,0,Thursday,0.0,Low
2026-09-10,8,4,0,Thursday,6.0,Low
2026-09-10,9,3,0,Thursday,0.0,Low
2026-09-10,10,0,0,Thursday,0.0,Low
2026-09-10,11,0,0,Thursday,0.0,Low
2026-09-10,12,2,0,Thursday,0.0,Low
2026-09-10,13,3,0,Thursday,2.0,Low
2026-09-10,15,0,0,Thursday,0.0,Low
2026-09-10,16,0,0,Thursday,0.0,Low
2026-09-10,17,1,0,Thursday,0.0,Low
2026-09-10,18,8,0,Thursday,10.0,Low
2026-09-10,19,2,0,Thursday,0.0,Low
2026-09-10,20,2,0,Thursday,4.0,Low
2026-09-10,21,16,0,Thursday,47.0,Medium
2026-09-10,22,0,0,Thursday,0.0,Low
2026-09-10,23,0,0,Thursday,0.0,Low
2026-09-10,24,5,0,Thursday,10.0,Low
2026-09-10,25,5,0,Thursday,13.0,Low
2026-09-10,26,1,0,Thursday,0.0,Low
2026-09-10,27,3,0,Thursday,1.0,Low
2026-09-10,28,0,0,Thursday,0.0,Low
2026-09-10,29,3,0,Thursday,1.0,Low
2026-09-10,30,2,0,Thursday,1.0,Low
2026-09-10,31,1,0,Thursday,0.0,Low
2026-09-10,32,2,0,Thursday,5.0,Low
2026-09-10,33,4,0,Thursday,7.0,Low
2026-09-10,34,0,0,Thursday,0.0,Low
2026-09-10,35,3,0,Thursday,1.0,Low
2026-09-10,36,2,0,Thursday,0.0,Low
2026-09-10,37,1,0,Thursday,0.0,Low
2026-09-10,38,2,0,Thursday,0.0,Low
2026-09-10,39,0,0,Thursday,0.0,Low
2026-09-10,40,0,0,Thursday,0.0,Low
2026-09-10,41,2,0,Thursday,1.0,Low
2026-09-10,42,1,0,Thursday,0.0,Low
2026-09-10,43,0,0,Thursday,0.0,Low
2026-09-10,44,4,0,Thursday,9.91,Low
2026-09-10,45,1,0,Thursday,0.0,Low
2026-09-10,46,2,0,Thursday,0.84,Low
2026-09-10,47,2,0,Thursday,0.0,Low
2026-09-11,1,0,0,Friday,0.0,Low
2026-09-11,2,1,0,Friday,1.95,Low
2026-09-11,3,1,0,Friday,11.43,Low
2026-09-11,4,3,0,Friday,9.0,Low
2026-09-11,5,3,0,Friday,1.0,Low
2026-09-11,6,1,0,Friday,10.48,Low
2026-09-11,7,2,0,Friday,1.91,Low
2026-09-11,8,4,0,Friday,10.0,Low
2026-09-11,9,3,0,Friday,0.0,Low
2026-09-11,10,0,0,Friday,0.0,Low
2026-09-11,11,0,0,Friday,0.0,Low
2026-09-11,12,2,0,Friday,1.0,Low
2026-09-11,13,3,0,Friday,34.0,Medium
2026-09-11,15,0,0,Friday,0.0,Low
2026-09-11,16,0,0,Friday,0.0,Low
2026-09-11,17,1,0,Friday,10.48,Low
2026-09-11,18,8,0,Friday,12.0,Low
2026-09-11,19,2,0,Friday,0.0,Low
2026-09-11,20,2,0,Friday,47.0,Medium
2026-09-11,21,16,0,Friday,45.91,Medium
2026-09-11,22,0,0,Friday,0.0,Low
2026-09-11,23,0,0,Friday,0.0,Low
2026-09-11,24,5,0,Friday,13.0,Low
2026-09-11,25,5,0,Friday,11.95,Low
2026-09-11,26,1,0,Friday,11.43,Low
2026-09-11,27,3,0,Friday,6.0,Low
2026-09-11,28,0,0,Friday,0.0,Low
2026-09-11,29,3,0,Friday,0.0,Low
2026-09-11,30,2,0,Friday,3.0,Low
2026-09-11,31,1,0,Friday,9.48,Low
2026-09-11,32,2,0,Friday,10.91,Low
2026-09-11,33,4,0,Friday,9.0,Low
2026-09-11,34,0,0,Friday,0.0,Low
2026-09-11,35,3,0,Friday,0.0,Low
2026-09-11,36,2,0,Friday,0.0,Low
2026-09-11,37,1,0,Friday,9.48,Low
2026-09-11,38,2,0,Friday,0.0,Low
2026-09-11,39,0,0,Friday,0.0,Low
2026-09-11,40,0,0,Friday,0.0,Low
2026-09-11,41,2,0,Friday,39.35,Medium
2026-09-11,42,1,0,Friday,11.48,Low
2026-09-11,43,0,0,Friday,0.0,Low
2026-09-11,44,4,0,Friday,12.0,Low
2026-09-11,45,1,0,Friday,9.48,Low
2026-09-11,46,2,0,Friday,2.0,Low
2026-09-11,47,2,0,Friday,2.97,Low
2026-09-12,1,0,0,Saturday,0.0,Low
2026-09-12,2,1,0,Saturday,3.0,Low
2026-09-12,3,1,0,Saturday,16.0,Low
2026-09-12,4,3,0,Saturday,6.0,Low
2026-09-12,5,3,0,Saturday,0.0,Low
2026-09-12,6,1,0,Saturday,9.0,Low
2026-09-12,7,2,0,Saturday,1.0,Low
2026-09-12,8,4,0,Saturday,9.0,Low
2026-09-12,9,3,0,Saturday,9.0,Low
2026-09-12,10,0,0,Saturday,0.0,Low
2026-09-12,11,0,0,Saturday,0.0,Low
2026-09-12,12,2,0,Saturday,1.0,Low
2026-09-12,13,3,0,Saturday,6.0,Low
2026-09-12,15,0,0,Saturday,0.0,Low
2026-09-12,16,0,0,Saturday,0.0,Low
2026-09-12,17,1,0,Saturday,14.0,Low
2026-09-12,18,8,0,Saturday,11.0,Low
2026-09-12,19,2,0,Saturday,1.0,Low
2026-09-12,20,2,0,Saturday,13.0,Low
2026-09-12,21,16,0,Saturday,44.84,Medium
2026-09-12,22,0,0,Saturday,0.0,Low
2026-09-12,23,0,0,Saturday,0.0,Low
2026-09-12,24,5,0,Saturday,15.0,Low
2026-09-12,25,5,0,Saturday,12.0,Low
2026-09-12,26,1,0,Saturday,14.0,Low
2026-09-12,27,3,0,Saturday,34.0,Medium
2026-09-12,28,0,0,Saturday,0.0,Low
2026-09-12,29,3,0,Saturday,0.0,Low
2026-09-12,30,2,0,Saturday,43.0,Medium
2026-09-12,31,1,0,Saturday,15.0,Low
2026-09-12,32,2,0,Saturday,10.0,Low
2026-09-12,33,4,0,Saturday,12.0,Low
2026-09-12,34,0,0,Saturday,0.0,Low
2026-09-12,35,3,0,Saturday,0.0,Low
2026-09-12,36,2,0,Saturday,0.0,Low
2026-09-12,37,1,0,Saturday,15.0,Low
2026-09-12,38,2,0,Saturday,1.0,Low
2026-09-12,39,0,0,Saturday,0.0,Low
2026-09-12,40,0,0,Saturday,0.0,Low
2026-09-12,41,2,0,Saturday,1.84,Low
2026-09-12,42,1,0,Saturday,15.0,Low
2026-09-12,43,0,0,Saturday,0.0,Low
2026-09-12,44,4,0,Saturday,34.0,Medium
2026-09-12,45,1,0,Saturday,15.0,Low
2026-09-12,46,2,0,Saturday,0.84,Low
2026-09-12,47,2,0,Saturday,1.0,Low
2026-09-15,1,0,0,Tuesday,0.0,Low
2026-09-15,2,1,0,Tuesday,1.0,Low
2026-09-15,3,1,0,Tuesday,8.0,Low
2026-09-15,4,3,0,Tuesday,1.0,Low
2026-09-15,5,3,0,Tuesday,18.0,Low
2026-09-15,6,1,0,Tuesday,5.0,Low
2026-09-15,7,2,0,Tuesday,1.0,Low
2026-09-15,8,4,0,Tuesday,9.0,Low
2026-09-15,9,3,0,Tuesday,0.0,Low
2026-09-15,10,0,0,Tuesday,0.0,Low
2026-09-15,11,0,0,Tuesday,0.0,Low
2026-09-15,12,2,0,Tuesday,1.0,Low
2026-09-15,13,3,0,Tuesday,10.0,Low
2026-09-15,15,0,0,Tuesday,0.0,Low
2026-09-15,16,0,0,Tuesday,0.0,Low
2026-09-15,17,1,0,Tuesday,7.0,Low
2026-09-15,18,8,0,Tuesday,26.0,Low
2026-09-15,19,2,0,Tuesday,1.0,Low
2026-09-15,20,2,0,Tuesday,20.9,Low
2026-09-15,21,16,0,Tuesday,46.84,Medium
2026-09-15,22,0,0,Tuesday,0.0,Low
2026-09-15,23,0,0,Tuesday,0.0,Low
2026-09-15,24,5,0,Tuesday,23.0,Low
2026-09-15,25,5,0,Tuesday,15.0,Low
2026-09-15,26,1,0,Tuesday,8.0,Low
2026-09-15,27,3,0,Tuesday,3.0,Low
2026-09-15,28,0,0,Tuesday,0.0,Low
2026-09-15,29,3,0,Tuesday,1.0,Low
2026-09-15,30,2,0,Tuesday,6.0,Low
2026-09-15,31,1,0,Tuesday,9.0,Low
2026-09-15,32,2,0,Tuesday,43.0,Medium
2026-09-15,33,4,0,Tuesday,10.0,Low
2026-09-15,34,0,0,Tuesday,0.0,Low
2026-09-15,35,3,0,Tuesday,0.0,Low
2026-09-15,36,2,0,Tuesday,0.0,Low
2026-09-15,37,1,0,Tuesday,7.0,Low
2026-09-15,38,2,0,Tuesday,0.0,Low
2026-09-15,39,0,0,Tuesday,0.0,Low
2026-09-15,40,0,0,Tuesday,0.0,Low
2026-09-15,41,2,0,Tuesday,1.91,Low
2026-09-15,42,1,0,Tuesday,6.0,Low
2026-09-15,43,0,0,Tuesday,0.0,Low
2026-09-15,44,4,0,Tuesday,31.17,Medium
2026-09-15,45,1,0,Tuesday,7.0,Low
2026-09-15,46,2,0,Tuesday,10.61,Low
2026-09-15,47,2,0,Tuesday,15.47,Low
2026-09-16,1,0,0,Wednesday,0.0,Low
2026-09-16,2,1,0,Wednesday,3.0,Low
2026-09-16,3,1,0,Wednesday,11.0,Low
2026-09-16,4,3,0,Wednesday,6.0,Low
2026-09-16,5,3,0,Wednesday,2.0,Low
2026-09-16,6,1,0,Wednesday,8.0,Low
2026-09-16,7,2,0,Wednesday,3.0,Low
2026-09-16,8,4,0,Wednesday,9.0,Low
2026-09-16,9,3,0,Wednesday,0.0,Low
2026-09-16,10,0,0,Wednesday,0.0,Low
2026-09-16,11,0,0,Wednesday,0.0,Low
2026-09-16,12,2,0,Wednesday,18.0,Low
2026-09-16,13,3,0,Wednesday,9.0,Low
2026-09-16,15,0,0,Wednesday,0.0,Low
2026-09-16,16,0,0,Wednesday,0.0,Low
2026-09-16,17,1,0,Wednesday,10.0,Low
2026-09-16,18,8,0,Wednesday,8.0,Low
2026-09-16,19,2,0,Wednesday,2.0,Low
2026-09-16,20,2,0,Wednesday,7.0,Low
2026-09-16,21,16,0,Wednesday,44.91,Medium
2026-09-16,22,0,0,Wednesday,0.0,Low
2026-09-16,23,0,0,Wednesday,0.0,Low
2026-09-16,24,5,0,Wednesday,14.0,Low
2026-09-16,25,5,0,Wednesday,25.0,Low
2026-09-16,26,1,0,Wednesday,11.0,Low
2026-09-16,27,3,0,Wednesday,1.0,Low
2026-09-16,28,0,0,Wednesday,0.0,Low
2026-09-16,29,3,0,Wednesday,14.0,Low
2026-09-16,30,2,0,Wednesday,14.32,Low
2026-09-16,31,1,0,Wednesday,11.0,Low
2026-09-16,32,2,0,Wednesday,9.0,Low
2026-09-16,33,4,0,Wednesday,14.0,Low
2026-09-16,34,0,0,Wednesday,0.0,Low
2026-09-16,35,3,0,Wednesday,0.0,Low
2026-09-16,36,2,0,Wednesday,5.0,Low
2026-09-16,37,1,0,Wednesday,9.0,Low
2026-09-16,38,2,0,Wednesday,2.0,Low
2026-09-16,39,0,0,Wednesday,0.0,Low
2026-09-16,40,0,0,Wednesday,0.0,Low
2026-09-16,41,2,0,Wednesday,2.91,Low
2026-09-16,42,1,0,Wednesday,11.0,Low
2026-09-16,43,0,0,Wednesday,0.0,Low
2026-09-16,44,4,0,Wednesday,9.91,Low
2026-09-16,45,1,0,Wednesday,11.0,Low
2026-09-16,46,2,0,Wednesday,2.84,Low
2026-09-16,47,2,0,Wednesday,9.94,Low
2026-09-17,1,0,0,Thursday,0.0,Low
2026-09-17,2,1,0,Thursday,0.0,Low
2026-09-17,3,1,0,Thursday,0.0,Low
2026-09-17,4,3,0,Thursday,0.0,Low
2026-09-17,5,3,0,Thursday,0.0,Low
2026-09-17,6,1,0,Thursday,0.0,Low
2026-09-17,7,2,0,Thursday,0.0,Low
2026-09-17,8,4,0,Thursday,6.0,Low
2026-09-17,9,3,0,Thursday,0.0,Low
2026-09-17,10,0,0,Thursday,0.0,Low
2026-09-17,11,0,0,Thursday,0.0,Low
2026-09-17,12,2,0,Thursday,0.0,Low
2026-09-17,13,3,0,Thursday,2.0,Low
2026-09-17,15,0,0,Thursday,0.0,Low
2026-09-17,16,0,0,Thursday,0.0,Low
2026-09-17,17,1,0,Thursday,0.0,Low
2026-09-17,18,8,0,Thursday,10.0,Low
2026-09-17,19,2,0,Thursday,0.0,Low
2026-09-17,20,2,0,Thursday,4.0,Low
2026-09-17,21,16,0,Thursday,47.0,Medium
2026-09-17,22,0,0,Thursday,0.0,Low
2026-09-17,23,0,0,Thursday,0.0,Low
2026-09-17,24,5,0,Thursday,10.0,Low
2026-09-17,25,5,0,Thursday,13.0,Low
2026-09-17,26,1,0,Thursday,0.0,Low
2026-09-17,27,3,0,Thursday,1.0,Low
2026-09-17,28,0,0,Thursday,0.0,Low
2026-09-17,29,3,0,Thursday,1.0,Low
2026-09-17,30,2,0,Thursday,1.0,Low
2026-09-17,31,1,0,Thursday,0.0,Low
2026-09-17,32,2,0,Thursday,5.0,Low
2026-09-17,33,4,0,Thursday,7.0,Low
2026-09-17,34,0,0,Thursday,0.0,Low
2026-09-17,35,3,0,Thursday,1.0,Low
2026-09-17,36,2,0,Thursday,0.0,Low
2026-09-17,37,1,0,Thursday,0.0,Low
2026-09-17,38,2,0,Thursday,0.0,Low
2026-09-17,39,0,0,Thursday,0.0,Low
2026-09-17,40,0,0,Thursday,0.0,Low
2026-09-17,41,2,0,Thursday,1.0,Low
2026-09-17,42,1,0,Thursday,0.0,Low
2026-09-17,43,0,0,Thursday,0.0,Low
2026-09-17,44,4,0,Thursday,9.91,Low
2026-09-17,45,1,0,Thursday,0.0,Low
2026-09-17,46,2,0,Thursday,0.84,Low
2026-09-17,47,2,0,Thursday,0.0,Low
2026-09-18,1,0,0,Friday,0.0,Low
2026-09-18,2,1,0,Friday,1.95,Low
2026-09-18,3,1,0,Friday,11.43,Low
2026-09-18,4,3,0,Friday,9.0,Low
2026-09-18,5,3,0,Friday,1.0,Low
2026-09-18,6,1,0,Friday,10.48,Low
2026-09-18,7,2,0,Friday,1.91,Low
2026-09-18,8,4,0,Friday,10.0,Low
2026-09-18,9,3,0,Friday,0.0,Low
2026-09-18,10,0,0,Friday,0.0,Low
2026-09-18,11,0,0,Friday,0.0,Low
2026-09-18,12,2,0,Friday,1.0,Low
2026-09-18,13,3,0,Friday,34.0,Medium
2026-09-18,15,0,0,Friday,0.0,Low
2026-09-18,16,0,0,Friday,0.0,Low
2026-09-18,17,1,0,Friday,10.48,Low
2026-09-18,18,8,0,Friday,12.0,Low
2026-09-18,19,2,0,Friday,0.0,Low
2026-09-18,20,2,0,Friday,47.0,Medium
2026-09-18,21,16,0,Friday,45.91,Medium
2026-09-18,22,0,0,Friday,0.0,Low
2026-09-18,23,0,0,Friday,0.0,Low
2026-09-18,24,5,0,Friday,13.0,Low
2026-09-18,25,5,0,Friday,11.95,Low
2026-09-18,26,1,0,Friday,11.43,Low
2026-09-18,27,3,0,Friday,6.0,Low
2026-09-18,28,0,0,Friday,0.0,Low
2026-09-18,29,3,0,Friday,0.0,Low
2026-09-18,30,2,0,Friday,3.0,Low
2026-09-18,31,1,0,Friday,9.48,Low
2026-09-18,32,2,0,Friday,10.91,Low
2026-09-18,33,4,0,Friday,9.0,Low
2026-09-18,34,0,0,Friday,0.0,Low
2026-09-18,35,3,0,Friday,0.0,Low
2026-09-18,36,2,0,Friday,0.0,Low
2026-09-18,37,1,0,Friday,9.48,Low
2026-09-18,38,2,0,Friday,0.0,Low
2026-09-18,39,0,0,Friday,0.0,Low
2026-09-18,40,0,0,Friday,0.0,Low
2026-09-18,41,2,0,Friday,39.35,Medium
2026-09-18,42,1,0,Friday,11.48,Low
2026-09-18,43,0,0,Friday,0.0,Low
2026-09-18,44,4,0,Friday,12.0,Low
2026-09-18,45,1,0,Friday,9.48,Low
2026-09-18,46,2,0,Friday,2.0,Low
2026-09-18,47,2,0,Friday,2.97,Low
2026-09-21,1,0,0,Monday,1.0,Low
2026-09-21,2,1,0,Monday,8.48,Low
2026-09-21,3,1,0,Monday,5.58,Low
2026-09-21,4,3,0,Monday,8.0,Low
2026-09-21,5,3,0,Monday,14.0,Low
2026-09-21,6,1,0,Monday,35.61,Medium
2026-09-21,7,2,0,Monday,23.98,Low
2026-09-21,8,4,0,Monday,26.0,Low
2026-09-21,9,3,0,Monday,14.0,Low
2026-09-21,10,0,0,Monday,0.0,Low
2026-09-21,11,0,0,Monday,0.91,Low
2026-09-21,12,2,0,Monday,9.0,Low
2026-09-21,13,3,0,Monday,66.0,High
2026-09-21,15,0,0,Monday,0.0,Low
2026-09-21,16,0,0,Monday,0.0,Low
2026-09-21,17,1,0,Monday,10.46,Low
2026-09-21,18,8,0,Monday,40.0,Medium
2026-09-21,19,2,0,Monday,39.27,Medium
2026-09-21,20,2,0,Monday,9.0,Low
2026-09-21,21,16,0,Monday,65.09,High
2026-09-21,22,0,0,Monday,1.0,Low
2026-09-21,23,0,0,Monday,0.0,Low
2026-09-21,24,5,0,Monday,72.0,High
2026-09-21,25,5,0,Monday,71.77,High
2026-09-21,26,1,0,Monday,6.58,Low
2026-09-21,27,3,0,Monday,13.0,Low
2026-09-21,28,0,0,Monday,0.0,Low
2026-09-21,29,3,0,Monday,30.0,Medium
2026-09-21,30,2,0,Monday,8.0,Low
2026-09-21,31,1,0,Monday,7.67,Low
2026-09-21,32,2,0,Monday,33.17,Medium
2026-09-21,33,4,0,Monday,28.0,Low
2026-09-21,34,0,0,Monday,0.84,Low
2026-09-21,35,3,0,Monday,26.0,Low
2026-09-21,36,2,0,Monday,8.0,Low
2026-09-21,37,1,0,Monday,9.45,Low
2026-09-21,38,2,0,Monday,25.73,Low
2026-09-21,39,0,0,Monday,1.0,Low
2026-09-21,40,0,0,Monday,0.0,Low
2026-09-21,41,2,0,Monday,15.0,Low
2026-09-21,42,1,0,Monday,6.58,Low
2026-09-21,43,0,0,Monday,0.0,Low
2026-09-21,44,4,0,Monday,33.0,Medium
2026-09-21,45,1,0,Monday,8.5,Low
2026-09-21,46,2,0,Monday,7.0,Low
2026-09-21,47,2,0,Monday,8.0,Low
2026-09-22,1,0,0,Tuesday,0.0,Low
2026-09-22,2,1,0,Tuesday,1.0,Low
2026-09-22,3,1,0,Tuesday,8.0,Low
2026-09-22,4,3,0,Tuesday,1.0,Low
2026-09-22,5,3,0,Tuesday,18.0,Low
2026-09-22,6,1,0,Tuesday,5.0,Low
2026-09-22,7,2,0,Tuesday,1.0,Low
2026-09-22,8,4,0,Tuesday,9.0,Low
2026-09-22,9,3,0,Tuesday,0.0,Low
2026-09-22,10,0,0,Tuesday,0.0,Low
2026-09-22,11,0,0,Tuesday,0.0,Low
2026-09-22,12,2,0,Tuesday,1.0,Low
2026-09-22,13,3,0,Tuesday,10.0,Low
2026-09-22,15,0,0,Tuesday,0.0,Low
2026-09-22,16,0,0,Tuesday,0.0,Low
2026-09-22,17,1,0,Tuesday,7.0,Low
2026-09-22,18,8,0,Tuesday,26.0,Low
2026-09-22,19,2,0,Tuesday,1.0,Low
2026-09-22,20,2,0,Tuesday,20.9,Low
2026-09-22,21,16,0,Tuesday,46.84,Medium
2026-09-22,22,0,0,Tuesday,0.0,Low
2026-09-22,23,0,0,Tuesday,0.0,Low
2026-09-22,24,5,0,Tuesday,23.0,Low
2026-09-22,25,5,0,Tuesday,15.0,Low
2026-09-22,26,1,0,Tuesday,8.0,Low
2026-09-22,27,3,0,Tuesday,3.0,Low
2026-09-22,28,0,0,Tuesday,0.0,Low
2026-09-22,29,3,0,Tuesday,1.0,Low
2026-09-22,30,2,0,Tuesday,6.0,Low
2026-09-22,31,1,0,Tuesday,9.0,Low
2026-09-22,32,2,0,Tuesday,43.0,Medium
2026-09-22,33,4,0,Tuesday,10.0,Low
2026-09-22,34,0,0,Tuesday,0.0,Low
2026-09-22,35,3,0,Tuesday,0.0,Low
2026-09-22,36,2,0,Tuesday,0.0,Low
2026-09-22,37,1,0,Tuesday,7.0,Low
2026-09-22,38,2,0,Tuesday,0.0,Low
2026-09-22,39,0,0,Tuesday,0.0,Low
2026-09-22,40,0,0,Tuesday,0.0,Low
2026-09-22,41,2,0,Tuesday,1.91,Low
2026-09-22,42,1,0,Tuesday,6.0,Low
2026-09-22,43,0,0,Tuesday,0.0,Low
2026-09-22,44,4,0,Tuesday,31.17,Medium
2026-09-22,45,1,0,Tuesday,7.0,Low
2026-09-22,46,2,0,Tuesday,10.61,Low
2026-09-22,47,2,0,Tuesday,15.47,Low
2026-09-23,1,0,0,Wednesday,0.0,Low
2026-09-23,2,1,0,Wednesday,3.0,Low
2026-09-23,3,1,0,Wednesday,11.0,Low
2026-09-23,4,3,0,Wednesday,6.0,Low
2026-09-23,5,3,0,Wednesday,2.0,Low
2026-09-23,6,1,0,Wednesday,8.0,Low
2026-09-23,7,2,0,Wednesday,3.0,Low
2026-09-23,8,4,0,Wednesday,9.0,Low
2026-09-23,9,3,0,Wednesday,0.0,Low
2026-09-23,10,0,0,Wednesday,0.0,Low
2026-09-23,11,0,0,Wednesday,0.0,Low
2026-09-23,12,2,0,Wednesday,18.0,Low
2026-09-23,13,3,0,Wednesday,9.0,Low
2026-09-23,15,0,0,Wednesday,0.0,Low
2026-09-23,16,0,0,Wednesday,0.0,Low
2026-09-23,17,1,0,Wednesday,10.0,Low
2026-09-23,18,8,0,Wednesday,8.0,Low
2026-09-23,19,2,0,Wednesday,2.0,Low
2026-09-23,20,2,0,Wednesday,7.0,Low
2026-09-23,21,16,0,Wednesday,44.91,Medium
2026-09-23,22,0,0,Wednesday,0.0,Low
2026-09-23,23,0,0,Wednesday,0.0,Low
2026-09-23,24,5,0,Wednesday,14.0,Low
2026-09-23,25,5,0,Wednesday,25.0,Low
2026-09-23,26,1,0,Wednesday,11.0,Low
2026-09-23,27,3,0,Wednesday,1.0,Low
2026-09-23,28,0,0,Wednesday,0.0,Low
2026-09-23,29,3,0,Wednesday,14.0,Low
2026-09-23,30,2,0,Wednesday,14.32,Low
2026-09-23,31,1,0,Wednesday,11.0,Low
2026-09-23,32,2,0,Wednesday,9.0,Low
2026-09-23,33,4,0,Wednesday,14.0,Low
2026-09-23,34,0,0,Wednesday,0.0,Low
2026-09-23,35,3,0,Wednesday,0.0,Low
2026-09-23,36,2,0,Wednesday,5.0,Low
2026-09-23,37,1,0,Wednesday,9.0,Low
2026-09-23,38,2,0,Wednesday,2.0,Low
2026-09-23,39,0,0,Wednesday,0.0,Low
2026-09-23,40,0,0,Wednesday,0.0,Low
2026-09-23,41,2,0,Wednesday,2.91,Low
2026-09-23,42,1,0,Wednesday,11.0,Low
2026-09-23,43,0,0,Wednesday,0.0,Low
2026-09-23,44,4,0,Wednesday,9.91,Low
2026-09-23,45,1,0,Wednesday,11.0,Low
2026-09-23,46,2,0,Wednesday,2.84,Low
2026-09-23,47,2,0,Wednesday,9.94,Low
2026-09-24,1,0,0,Thursday,0.0,Low
2026-09-24,2,1,0,Thursday,0.0,Low
2026-09-24,3,1,0,Thursday,0.0,Low
2026-09-24,4,3,0,Thursday,0.0,Low
2026-09-24,5,3,0,Thursday,0.0,Low
2026-09-24,6,1,0,Thursday,0.0,Low
2026-09-24,7,2,0,Thursday,0.0,Low
2026-09-24,8,4,0,Thursday,6.0,Low
2026-09-24,9,3,0,Thursday,0.0,Low
2026-09-24,10,0,0,Thursday,0.0,Low
2026-09-24,11,0,0,Thursday,0.0,Low
2026-09-24,12,2,0,Thursday,0.0,Low
2026-09-24,13,3,0,Thursday,2.0,Low
2026-09-24,15,0,0,Thursday,0.0,Low
2026-09-24,16,0,0,Thursday,0.0,Low
2026-09-24,17,1,0,Thursday,0.0,Low
2026-09-24,18,8,0,Thursday,10.0,Low
2026-09-24,19,2,0,Thursday,0.0,Low
2026-09-24,20,2,0,Thursday,4.0,Low
2026-09-24,21,16,0,Thursday,47.0,Medium
2026-09-24,22,0,0,Thursday,0.0,Low
2026-09-24,23,0,0,Thursday,0.0,Low
2026-09-24,24,5,0,Thursday,10.0,Low
2026-09-24,25,5,0,Thursday,13.0,Low
2026-09-24,26,1,0,Thursday,0.0,Low
2026-09-24,27,3,0,Thursday,1.0,Low
2026-09-24,28,0,0,Thursday,0.0,Low
2026-09-24,29,3,0,Thursday,1.0,Low
2026-09-24,30,2,0,Thursday,1.0,Low
2026-09-24,31,1,0,Thursday,0.0,Low
2026-09-24,32,2,0,Thursday,5.0,Low
2026-09-24,33,4,0,Thursday,7.0,Low
2026-09-24,34,0,0,Thursday,0.0,Low
2026-09-24,35,3,0,Thursday,1.0,Low
2026-09-24,36,2,0,Thursday,0.0,Low
2026-09-24,37,1,0,Thursday,0.0,Low
2026-09-24,38,2,0,Thursday,0.0,Low
2026-09-24,39,0,0,Thursday,0.0,Low
2026-09-24,40,0,0,Thursday,0.0,Low
2026-09-24,41,2,0,Thursday,1.0,Low
2026-09-24,42,1,0,Thursday,0.0,Low
2026-09-24,43,0,0,Thursday,0.0,Low
2026-09-24,44,4,0,Thursday,9.91,Low
2026-09-24,45,1,0,Thursday,0.0,Low
2026-09-24,46,2,0,Thursday,0.84,Low
2026-09-24,47,2,0,Thursday,0.0,Low
2026-09-25,1,0,0,Friday,0.0,Low
2026-09-25,2,1,0,Friday,1.95,Low
2026-09-25,3,1,0,Friday,11.43,Low
2026-09-25,4,3,0,Friday,9.0,Low
2026-09-25,5,3,0,Friday,1.0,Low
2026-09-25,6,1,0,Friday,10.48,Low
2026-09-25,7,2,0,Friday,1.91,Low
2026-09-25,8,4,0,Friday,10.0,Low
2026-09-25,9,3,0,Friday,0.0,Low
2026-09-25,10,0,0,Friday,0.0,Low
2026-09-25,11,0,0,Friday,0.0,Low
2026-09-25,12,2,0,Friday,1.0,Low
2026-09-25,13,3,0,Friday,34.0,Medium
2026-09-25,15,0,0,Friday,0.0,Low
2026-09-25,16,0,0,Friday,0.0,Low
2026-09-25,17,1,0,Friday,10.48,Low
2026-09-25,18,8,0,Friday,12.0,Low
2026-09-25,19,2,0,Friday,0.0,Low
2026-09-25,20,2,0,Friday,47.0,Medium
2026-09-25,21,16,0,Friday,45.91,Medium
2026-09-25,22,0,0,Friday,0.0,Low
2026-09-25,23,0,0,Friday,0.0,Low
2026-09-25,24,5,0,Friday,13.0,Low
2026-09-25,25,5,0,Friday,11.95,Low
2026-09-25,26,1,0,Friday,11.43,Low
2026-09-25,27,3,0,Friday,6.0,Low
2026-09-25,28,0,0,Friday,0.0,Low
2026-09-25,29,3,0,Friday,0.0,Low
2026-09-25,30,2,0,Friday,3.0,Low
2026-09-25,31,1,0,Friday,9.48,Low
2026-09-25,32,2,0,Friday,10.91,Low
2026-09-25,33,4,0,Friday,9.0,Low
2026-09-25,34,0,0,Friday,0.0,Low
2026-09-25,35,3,0,Friday,0.0,Low
2026-09-25,36,2,0,Friday,0.0,Low
2026-09-25,37,1,0,Friday,9.48,Low
2026-09-25,38,2,0,Friday,0.0,Low
2026-09-25,39,0,0,Friday,0.0,Low
2026-09-25,40,0,0,Friday,0.0,Low
2026-09-25,41,2,0,Friday,39.35,Medium
2026-09-25,42,1,0,Friday,11.48,Low
2026-09-25,43,0,0,Friday,0.0,Low
2026-09-25,44,4,0,Friday,12.0,Low
2026-09-25,45,1,0,Friday,9.48,Low
2026-09-25,46,2,0,Friday,2.0,Low
2026-09-25,47,2,0,Friday,2.97,Low
2026-09-28,1,0,0,Monday,1.0,Low
2026-09-28,2,1,0,Monday,8.48,Low
2026-09-28,3,1,0,Monday,5.58,Low
2026-09-28,4,3,0,Monday,8.0,Low
2026-09-28,5,3,0,Monday,14.0,Low
2026-09-28,6,1,0,Monday,35.61,Medium
2026-09-28,7,2,0,Monday,23.98,Low
2026-09-28,8,4,0,Monday,26.0,Low
2026-09-28,9,3,0,Monday,14.0,Low
2026-09-28,10,0,0,Monday,0.0,Low
2026-09-28,11,0,0,Monday,0.91,Low
2026-09-28,12,2,0,Monday,9.0,Low
2026-09-28,13,3,0,Monday,66.0,High
2026-09-28,15,0,0,Monday,0.0,Low
2026-09-28,16,0,0,Monday,0.0,Low
2026-09-28,17,1,0,Monday,10.46,Low
2026-09-28,18,8,0,Monday,40.0,Medium
2026-09-28,19,2,0,Monday,39.27,Medium
2026-09-28,20,2,0,Monday,9.0,Low
2026-09-28,21,16,0,Monday,65.09,High
2026-09-28,22,0,0,Monday,1.0,Low
2026-09-28,23,0,0,Monday,0.0,Low
2026-09-28,24,5,0,Monday,72.0,High
2026-09-28,25,5,0,Monday,71.77,High
2026-09-28,26,1,0,Monday,6.58,Low
2026-09-28,27,3,0,Monday,13.0,Low
2026-09-28,28,0,0,Monday,0.0,Low
2026-09-28,29,3,0,Monday,30.0,Medium
2026-09-28,30,2,0,Monday,8.0,Low
2026-09-28,31,1,0,Monday,7.67,Low
2026-09-28,32,2,0,Monday,33.17,Medium
2026-09-28,33,4,0,Monday,28.0,Low
2026-09-28,34,0,0,Monday,0.84,Low
2026-09-28,35,3,0,Monday,26.0,Low
2026-09-28,36,2,0,Monday,8.0,Low
2026-09-28,37,1,0,Monday,9.45,Low
2026-09-28,38,2,0,Monday,25.73,Low
2026-09-28,39,0,0,Monday,1.0,Low
2026-09-28,40,0,0,Monday,0.0,Low
2026-09-28,41,2,0,Monday,15.0,Low
2026-09-28,42,1,0,Monday,6.58,Low
2026-09-28,43,0,0,Monday,0.0,Low
2026-09-28,44,4,0,Monday,33.0,Medium
2026-09-28,45,1,0,Monday,8.5,Low
2026-09-28,46,2,0,Monday,7.0,Low
2026-09-28,47,2,0,Monday,8.0,Low
2026-09-29,1,0,0,Tuesday,0.0,Low
2026-09-29,2,1,0,Tuesday,1.0,Low
2026-09-29,3,1,0,Tuesday,8.0,Low
2026-09-29,4,3,0,Tuesday,1.0,Low
2026-09-29,5,3,0,Tuesday,18.0,Low
2026-09-29,6,1,0,Tuesday,5.0,Low
2026-09-29,7,2,0,Tuesday,1.0,Low
2026-09-29,8,4,0,Tuesday,9.0,Low
2026-09-29,9,3,0,Tuesday,0.0,Low
2026-09-29,10,0,0,Tuesday,0.0,Low
2026-09-29,11,0,0,Tuesday,0.0,Low
2026-09-29,12,2,0,Tuesday,1.0,Low
2026-09-29,13,3,0,Tuesday,10.0,Low
2026-09-29,15,0,0,Tuesday,0.0,Low
2026-09-29,16,0,0,Tuesday,0.0,Low
2026-09-29,17,1,0,Tuesday,7.0,Low
2026-09-29,18,8,0,Tuesday,26.0,Low
2026-09-29,19,2,0,Tuesday,1.0,Low
2026-09-29,20,2,0,Tuesday,20.9,Low
2026-09-29,21,16,0,Tuesday,46.84,Medium
2026-09-29,22,0,0,Tuesday,0.0,Low
2026-09-29,23,0,0,Tuesday,0.0,Low
2026-09-29,24,5,0,Tuesday,23.0,Low
2026-09-29,25,5,0,Tuesday,15.0,Low
2026-09-29,26,1,0,Tuesday,8.0,Low
2026-09-29,27,3,0,Tuesday,3.0,Low
2026-09-29,28,0,0,Tuesday,0.0,Low
2026-09-29,29,3,0,Tuesday,1.0,Low
2026-09-29,30,2,0,Tuesday,6.0,Low
2026-09-29,31,1,0,Tuesday,9.0,Low
2026-09-29,32,2,0,Tuesday,43.0,Medium
2026-09-29,33,4,0,Tuesday,10.0,Low
2026-09-29,34,0,0,Tuesday,0.0,Low
2026-09-29,35,3,0,Tuesday,0.0,Low
2026-09-29,36,2,0,Tuesday,0.0,Low
2026-09-29,37,1,0,Tuesday,7.0,Low
2026-09-29,38,2,0,Tuesday,0.0,Low
2026-09-29,39,0,0,Tuesday,0.0,Low
2026-09-29,40,0,0,Tuesday,0.0,Low
2026-09-29,41,2,0,Tuesday,1.91,Low
2026-09-29,42,1,0,Tuesday,6.0,Low
2026-09-29,43,0,0,Tuesday,0.0,Low
2026-09-29,44,4,0,Tuesday,31.17,Medium
2026-09-29,45,1,0,Tuesday,7.0,Low
2026-09-29,46,2,0,Tuesday,10.61,Low
2026-09-29,47,2,0,Tuesday,15.47,Low
2026-09-30,1,0,0,Wednesday,0.0,Low
2026-09-30,2,1,0,Wednesday,3.0,Low
2026-09-30,3,1,0,Wednesday,11.0,Low
2026-09-30,4,3,0,Wednesday,6.0,Low
2026-09-30,5,3,0,Wednesday,2.0,Low
2026-09-30,6,1,0,Wednesday,8.0,Low
2026-09-30,7,2,0,Wednesday,3.0,Low
2026-09-30,8,4,0,Wednesday,9.0,Low
2026-09-30,9,3,0,Wednesday,0.0,Low
2026-09-30,10,0,0,Wednesday,0.0,Low
2026-09-30,11,0,0,Wednesday,0.0,Low
2026-09-30,12,2,0,Wednesday,18.0,Low
2026-09-30,13,3,0,Wednesday,9.0,Low
2026-09-30,15,0,0,Wednesday,0.0,Low
2026-09-30,16,0,0,Wednesday,0.0,Low
2026-09-30,17,1,0,Wednesday,10.0,Low
2026-09-30,18,8,0,Wednesday,8.0,Low
2026-09-30,19,2,0,Wednesday,2.0,Low
2026-09-30,20,2,0,Wednesday,7.0,Low
2026-09-30,21,16,0,Wednesday,44.91,Medium
2026-09-30,22,0,0,Wednesday,0.0,Low
2026-09-30,23,0,0,Wednesday,0.0,Low
2026-09-30,24,5,0,Wednesday,14.0,Low
2026-09-30,25,5,0,Wednesday,25.0,Low
2026-09-30,26,1,0,Wednesday,11.0,Low
2026-09-30,27,3,0,Wednesday,1.0,Low
2026-09-30,28,0,0,Wednesday,0.0,Low
2026-09-30,29,3,0,Wednesday,14.0,Low
2026-09-30,30,2,0,Wednesday,14.32,Low
2026-09-30,31,1,0,Wednesday,11.0,Low
2026-09-30,32,2,0,Wednesday,9.0,Low
2026-09-30,33,4,0,Wednesday,14.0,Low
2026-09-30,34,0,0,Wednesday,0.0,Low
2026-09-30,35,3,0,Wednesday,0.0,Low
2026-09-30,36,2,0,Wednesday,5.0,Low
2026-09-30,37,1,0,Wednesday,9.0,Low
2026-09-30,38,2,0,Wednesday,2.0,Low
2026-09-30,39,0,0,Wednesday,0.0,Low
2026-09-30,40,0,0,Wednesday,0.0,Low
2026-09-30,41,2,0,Wednesday,2.91,Low
2026-09-30,42,1,0,Wednesday,11.0,Low
2026-09-30,43,0,0,Wednesday,0.0,Low
2026-09-30,44,4,0,Wednesday,9.91,Low
2026-09-30,45,1,0,Wednesday,11.0,Low
2026-09-30,46,2,0,Wednesday,2.84,Low
2026-09-30,47,2,0,Wednesday,9.94,Low
2026-10-01,1,0,0,Thursday,0.0,Low
2026-10-01,2,1,0,Thursday,0.0,Low
2026-10-01,3,1,0,Thursday,0.0,Low
2026-10-01,4,3,0,Thursday,0.0,Low
2026-10-01,5,3,0,Thursday,0.0,Low
2026-10-01,6,1,0,Thursday,0.0,Low
2026-10-01,7,2,0,Thursday,0.0,Low
2026-10-01,8,4,0,Thursday,6.0,Low
2026-10-01,9,3,0,Thursday,0.0,Low
2026-10-01,10,0,0,Thursday,0.0,Low
2026-10-01,11,0,0,Thursday,0.0,Low
2026-10-01,12,2,0,Thursday,0.0,Low
2026-10-01,13,3,0,Thursday,2.0,Low
2026-10-01,15,0,0,Thursday,0.0,Low
2026-10-01,16,0,0,Thursday,0.0,Low
2026-10-01,17,1,0,Thursday,0.0,Low
2026-10-01,18,8,0,Thursday,10.0,Low
2026-10-01,19,2,0,Thursday,0.0,Low
2026-10-01,20,2,0,Thursday,4.0,Low
2026-10-01,21,16,0,Thursday,47.0,Medium
2026-10-01,22,0,0,Thursday,0.0,Low
2026-10-01,23,0,0,Thursday,0.0,Low
2026-10-01,24,5,0,Thursday,10.0,Low
2026-10-01,25,5,0,Thursday,13.0,Low
2026-10-01,26,1,0,Thursday,0.0,Low
2026-10-01,27,3,0,Thursday,1.0,Low
2026-10-01,28,0,0,Thursday,0.0,Low
2026-10-01,29,3,0,Thursday,1.0,Low
2026-10-01,30,2,0,Thursday,1.0,Low
2026-10-01,31,1,0,Thursday,0.0,Low
2026-10-01,32,2,0,Thursday,5.0,Low
2026-10-01,33,4,0,Thursday,7.0,Low
2026-10-01,34,0,0,Thursday,0.0,Low
2026-10-01,35,3,0,Thursday,1.0,Low
2026-10-01,36,2,0,Thursday,0.0,Low
2026-10-01,37,1,0,Thursday,0.0,Low
2026-10-01,38,2,0,Thursday,0.0,Low
2026-10-01,39,0,0,Thursday,0.0,Low
2026-10-01,40,0,0,Thursday,0.0,Low
2026-10-01,41,2,0,Thursday,1.0,Low
2026-10-01,42,1,0,Thursday,0.0,Low
2026-10-01,43,0,0,Thursday,0.0,Low
2026-10-01,44,4,0,Thursday,9.91,Low
2026-10-01,45,1,0,Thursday,0.0,Low
2026-10-01,46,2,0,Thursday,0.84,Low
2026-10-01,47,2,0,Thursday,0.0,Low
2026-10-05,1,0,0,Monday,1.0,Low
2026-10-05,2,1,0,Monday,8.48,Low
2026-10-05,3,1,0,Monday,5.58,Low
2026-10-05,4,3,0,Monday,8.0,Low
2026-10-05,5,3,0,Monday,14.0,Low
2026-10-05,6,1,0,Monday,35.61,Medium
2026-10-05,7,2,0,Monday,23.98,Low
2026-10-05,8,4,0,Monday,26.0,Low
2026-10-05,9,3,0,Monday,14.0,Low
2026-10-05,10,0,0,Monday,0.0,Low
2026-10-05,11,0,0,Monday,0.91,Low
2026-10-05,12,2,0,Monday,9.0,Low
2026-10-05,13,3,0,Monday,66.0,High
2026-10-05,15,0,0,Monday,0.0,Low
2026-10-05,16,0,0,Monday,0.0,Low
2026-10-05,17,1,0,Monday,10.46,Low
2026-10-05,18,8,0,Monday,40.0,Medium
2026-10-05,19,2,0,Monday,39.27,Medium
2026-10-05,20,2,0,Monday,9.0,Low
2026-10-05,21,16,0,Monday,65.09,High
2026-10-05,22,0,0,Monday,1.0,Low
2026-10-05,23,0,0,Monday,0.0,Low
2026-10-05,24,5,0,Monday,72.0,High
2026-10-05,25,5,0,Monday,71.77,High
2026-10-05,26,1,0,Monday,6.58,Low
2026-10-05,27,3,0,Monday,13.0,Low
2026-10-05,28,0,0,Monday,0.0,Low
2026-10-05,29,3,0,Monday,30.0,Medium
2026-10-05,30,2,0,Monday,8.0,Low
2026-10-05,31,1,0,Monday,7.67,Low
2026-10-05,32,2,0,Monday,33.17,Medium
2026-10-05,33,4,0,Monday,28.0,Low
2026-10-05,34,0,0,Monday,0.84,Low
2026-10-05,35,3,0,Monday,26.0,Low
2026-10-05,36,2,0,Monday,8.0,Low
2026-10-05,37,1,0,Monday,9.45,Low
2026-10-05,38,2,0,Monday,25.73,Low
2026-10-05,39,0,0,Monday,1.0,Low
2026-10-05,40,0,0,Monday,0.0,Low
2026-10-05,41,2,0,Monday,15.0,Low
2026-10-05,42,1,0,Monday,6.58,Low
2026-10-05,43,0,0,Monday,0.0,Low
2026-10-05,44,4,0,Monday,33.0,Medium
2026-10-05,45,1,0,Monday,8.5,Low
2026-10-05,46,2,0,Monday,7.0,Low
2026-10-05,47,2,0,Monday,8.0,Low
2026-10-06,1,0,0,Tuesday,0.0,Low
2026-10-06,2,1,0,Tuesday,1.0,Low
2026-10-06,3,1,0,Tuesday,8.0,Low
2026-10-06,4,3,0,Tuesday,1.0,Low
2026-10-06,5,3,0,Tuesday,18.0,Low
2026-10-06,6,1,0,Tuesday,5.0,Low
2026-10-06,7,2,0,Tuesday,1.0,Low
2026-10-06,8,4,0,Tuesday,9.0,Low
2026-10-06,9,3,0,Tuesday,0.0,Low
2026-10-06,10,0,0,Tuesday,0.0,Low
2026-10-06,11,0,0,Tuesday,0.0,Low
2026-10-06,12,2,0,Tuesday,1.0,Low
2026-10-06,13,3,0,Tuesday,10.0,Low
2026-10-06,15,0,0,Tuesday,0.0,Low
2026-10-06,16,0,0,Tuesday,0.0,Low
2026-10-06,17,1,0,Tuesday,7.0,Low
2026-10-06,18,8,0,Tuesday,26.0,Low
2026-10-06,19,2,0,Tuesday,1.0,Low
2026-10-06,20,2,0,Tuesday,20.9,Low
2026-10-06,21,16,0,Tuesday,46.84,Medium
2026-10-06,22,0,0,Tuesday,0.0,Low
2026-10-06,23,0,0,Tuesday,0.0,Low
2026-10-06,24,5,0,Tuesday,23.0,Low
2026-10-06,25,5,0,Tuesday,15.0,Low
2026-10-06,26,1,0,Tuesday,8.0,Low
2026-10-06,27,3,0,Tuesday,3.0,Low
2026-10-06,28,0,0,Tuesday,0.0,Low
2026-10-06,29,3,0,Tuesday,1.0,Low
2026-10-06,30,2,0,Tuesday,6.0,Low
2026-10-06,31,1,0,Tuesday,9.0,Low
2026-10-06,32,2,0,Tuesday,43.0,Medium
2026-10-06,33,4,0,Tuesday,10.0,Low
2026-10-06,34,0,0,Tuesday,0.0,Low
2026-10-06,35,3,0,Tuesday,0.0,Low
2026-10-06,36,2,0,Tuesday,0.0,Low
2026-10-06,37,1,0,Tuesday,7.0,Low
2026-10-06,38,2,0,Tuesday,0.0,Low
2026-10-06,39,0,0,Tuesday,0.0,Low
2026-10-06,40,0,0,Tuesday,0.0,Low
2026-10-06,41,2,0,Tuesday,1.91,Low
2026-10-06,42,1,0,Tuesday,6.0,Low
2026-10-06,43,0,0,Tuesday,0.0,Low
2026-10-06,44,4,0,Tuesday,31.17,Medium
2026-10-06,45,1,0,Tuesday,7.0,Low
2026-10-06,46,2,0,Tuesday,10.61,Low
2026-10-06,47,2,0,Tuesday,15.47,Low
2026-10-07,1,0,0,Wednesday,0.0,Low
2026-10-07,2,1,0,Wednesday,3.0,Low
2026-10-07,3,1,0,Wednesday,11.0,Low
2026-10-07,4,3,0,Wednesday,6.0,Low
2026-10-07,5,3,0,Wednesday,2.0,Low
2026-10-07,6,1,0,Wednesday,8.0,Low
2026-10-07,7,2,0,Wednesday,3.0,Low
2026-10-07,8,4,0,Wednesday,9.0,Low
2026-10-07,9,3,0,Wednesday,0.0,Low
2026-10-07,10,0,0,Wednesday,0.0,Low
2026-10-07,11,0,0,Wednesday,0.0,Low
2026-10-07,12,2,0,Wednesday,18.0,Low
2026-10-07,13,3,0,Wednesday,9.0,Low
2026-10-07,15,0,0,Wednesday,0.0,Low
2026-10-07,16,0,0,Wednesday,0.0,Low
2026-10-07,17,1,0,Wednesday,10.0,Low
2026-10-07,18,8,0,Wednesday,8.0,Low
2026-10-07,19,2,0,Wednesday,2.0,Low
2026-10-07,20,2,0,Wednesday,7.0,Low
2026-10-07,21,16,0,Wednesday,44.91,Medium
2026-10-07,22,0,0,Wednesday,0.0,Low
2026-10-07,23,0,0,Wednesday,0.0,Low
2026-10-07,24,5,0,Wednesday,14.0,Low
2026-10-07,25,5,0,Wednesday,25.0,Low
2026-10-07,26,1,0,Wednesday,11.0,Low
2026-10-07,27,3,0,Wednesday,1.0,Low
2026-10-07,28,0,0,Wednesday,0.0,Low
2026-10-07,29,3,0,Wednesday,14.0,Low
2026-10-07,30,2,0,Wednesday,14.32,Low
2026-10-07,31,1,0,Wednesday,11.0,Low
2026-10-07,32,2,0,Wednesday,9.0,Low
2026-10-07,33,4,0,Wednesday,14.0,Low
2026-10-07,34,0,0,Wednesday,0.0,Low
2026-10-07,35,3,0,Wednesday,0.0,Low
2026-10-07,36,2,0,Wednesday,5.0,Low
2026-10-07,37,1,0,Wednesday,9.0,Low
2026-10-07,38,2,0,Wednesday,2.0,Low
2026-10-07,39,0,0,Wednesday,0.0,Low
2026-10-07,40,0,0,Wednesday,0.0,Low
2026-10-07,41,2,0,Wednesday,2.91,Low
2026-10-07,42,1,0,Wednesday,11.0,Low
2026-10-07,43,0,0,Wednesday,0.0,Low
2026-10-07,44,4,0,Wednesday,9.91,Low
2026-10-07,45,1,0,Wednesday,11.0,Low
2026-10-07,46,2,0,Wednesday,2.84,Low
2026-10-07,47,2,0,Wednesday,9.94,Low
2026-10-08,1,0,0,Thursday,0.0,Low
2026-10-08,2,1,0,Thursday,0.0,Low
2026-10-08,3,1,0,Thursday,0.0,Low
2026-10-08,4,3,0,Thursday,0.0,Low
2026-10-08,5,3,0,Thursday,0.0,Low
2026-10-08,6,1,0,Thursday,0.0,Low
2026-10-08,7,2,0,Thursday,0.0,Low
2026-10-08,8,4,0,Thursday,6.0,Low
2026-10-08,9,3,0,Thursday,0.0,Low
2026-10-08,10,0,0,Thursday,0.0,Low
2026-10-08,11,0,0,Thursday,0.0,Low
2026-10-08,12,2,0,Thursday,0.0,Low
2026-10-08,13,3,0,Thursday,2.0,Low
2026-10-08,15,0,0,Thursday,0.0,Low
2026-10-08,16,0,0,Thursday,0.0,Low
2026-10-08,17,1,0,Thursday,0.0,Low
2026-10-08,18,8,0,Thursday,10.0,Low
2026-10-08,19,2,0,Thursday,0.0,Low
2026-10-08,20,2,0,Thursday,4.0,Low
2026-10-08,21,16,0,Thursday,47.0,Medium
2026-10-08,22,0,0,Thursday,0.0,Low
2026-10-08,23,0,0,Thursday,0.0,Low
2026-10-08,24,5,0,Thursday,10.0,Low
2026-10-08,25,5,0,Thursday,13.0,Low
2026-10-08,26,1,0,Thursday,0.0,Low
2026-10-08,27,3,0,Thursday,1.0,Low
2026-10-08,28,0,0,Thursday,0.0,Low
2026-10-08,29,3,0,Thursday,1.0,Low
2026-10-08,30,2,0,Thursday,1.0,Low
2026-10-08,31,1,0,Thursday,0.0,Low
2026-10-08,32,2,0,Thursday,5.0,Low
2026-10-08,33,4,0,Thursday,7.0,Low
2026-10-08,34,0,0,Thursday,0.0,Low
2026-10-08,35,3,0,Thursday,1.0,Low
2026-10-08,36,2,0,Thursday,0.0,Low
2026-10-08,37,1,0,Thursday,0.0,Low
2026-10-08,38,2,0,Thursday,0.0,Low
2026-10-08,39,0,0,Thursday,0.0,Low
2026-10-08,40,0,0,Thursday,0.0,Low
2026-10-08,41,2,0,Thursday,1.0,Low
2026-10-08,42,1,0,Thursday,0.0,Low
2026-10-08,43,0,0,Thursday,0.0,Low
2026-10-08,44,4,0,Thursday,9.91,Low
2026-10-08,45,1,0,Thursday,0.0,Low
2026-10-08,46,2,0,Thursday,0.84,Low
2026-10-08,47,2,0,Thursday,0.0,Low
2026-10-09,1,0,0,Friday,0.0,Low
2026-10-09,2,1,0,Friday,1.95,Low
2026-10-09,3,1,0,Friday,11.43,Low
2026-10-09,4,3,0,Friday,9.0,Low
2026-10-09,5,3,0,Friday,1.0,Low
2026-10-09,6,1,0,Friday,10.48,Low
2026-10-09,7,2,0,Friday,1.91,Low
2026-10-09,8,4,0,Friday,10.0,Low
2026-10-09,9,3,0,Friday,0.0,Low
2026-10-09,10,0,0,Friday,0.0,Low
2026-10-09,11,0,0,Friday,0.0,Low
2026-10-09,12,2,0,Friday,1.0,Low
2026-10-09,13,3,0,Friday,34.0,Medium
2026-10-09,15,0,0,Friday,0.0,Low
2026-10-09,16,0,0,Friday,0.0,Low
2026-10-09,17,1,0,Friday,10.48,Low
2026-10-09,18,8,0,Friday,12.0,Low
2026-10-09,19,2,0,Friday,0.0,Low
2026-10-09,20,2,0,Friday,47.0,Medium
2026-10-09,21,16,0,Friday,45.91,Medium
2026-10-09,22,0,0,Friday,0.0,Low
2026-10-09,23,0,0,Friday,0.0,Low
2026-10-09,24,5,0,Friday,13.0,Low
2026-10-09,25,5,0,Friday,11.95,Low
2026-10-09,26,1,0,Friday,11.43,Low
2026-10-09,27,3,0,Friday,6.0,Low
2026-10-09,28,0,0,Friday,0.0,Low
2026-10-09,29,3,0,Friday,0.0,Low
2026-10-09,30,2,0,Friday,3.0,Low
2026-10-09,31,1,0,Friday,9.48,Low
2026-10-09,32,2,0,Friday,10.91,Low
2026-10-09,33,4,0,Friday,9.0,Low
2026-10-09,34,0,0,Friday,0.0,Low
2026-10-09,35,3,0,Friday,0.0,Low
2026-10-09,36,2,0,Friday,0.0,Low
2026-10-09,37,1,0,Friday,9.48,Low
2026-10-09,38,2,0,Friday,0.0,Low
2026-10-09,39,0,0,Friday,0.0,Low
2026-10-09,40,0,0,Friday,0.0,Low
2026-10-09,41,2,0,Friday,39.35,Medium
2026-10-09,42,1,0,Friday,11.48,Low
2026-10-09,43,0,0,Friday,0.0,Low
2026-10-09,44,4,0,Friday,12.0,Low
2026-10-09,45,1,0,Friday,9.48,Low
2026-10-09,46,2,0,Friday,2.0,Low
2026-10-09,47,2,0,Friday,2.97,Low
2026-10-10,1,0,0,Saturday,0.0,Low
2026-10-10,2,1,0,Saturday,3.0,Low
2026-10-10,3,1,0,Saturday,16.0,Low
2026-10-10,4,3,0,Saturday,6.0,Low
2026-10-10,5,3,0,Saturday,0.0,Low
2026-10-10,6,1,0,Saturday,9.0,Low
2026-10-10,7,2,0,Saturday,1.0,Low
2026-10-10,8,4,0,Saturday,9.0,Low
2026-10-10,9,3,0,Saturday,9.0,Low
2026-10-10,10,0,0,Saturday,0.0,Low
2026-10-10,11,0,0,Saturday,0.0,Low
2026-10-10,12,2,0,Saturday,1.0,Low
2026-10-10,13,3,0,Saturday,6.0,Low
2026-10-10,15,0,0,Saturday,0.0,Low
2026-10-10,16,0,0,Saturday,0.0,Low
2026-10-10,17,1,0,Saturday,14.0,Low
2026-10-10,18,8,0,Saturday,11.0,Low
2026-10-10,19,2,0,Saturday,1.0,Low
2026-10-10,20,2,0,Saturday,13.0,Low
2026-10-10,21,16,0,Saturday,44.84,Medium
2026-10-10,22,0,0,Saturday,0.0,Low
2026-10-10,23,0,0,Saturday,0.0,Low
2026-10-10,24,5,0,Saturday,15.0,Low
2026-10-10,25,5,0,Saturday,12.0,Low
2026-10-10,26,1,0,Saturday,14.0,Low
2026-10-10,27,3,0,Saturday,34.0,Medium
2026-10-10,28,0,0,Saturday,0.0,Low
2026-10-10,29,3,0,Saturday,0.0,Low
2026-10-10,30,2,0,Saturday,43.0,Medium
2026-10-10,31,1,0,Saturday,15.0,Low
2026-10-10,32,2,0,Saturday,10.0,Low
2026-10-10,33,4,0,Saturday,12.0,Low
2026-10-10,34,0,0,Saturday,0.0,Low
2026-10-10,35,3,0,Saturday,0.0,Low
2026-10-10,36,2,0,Saturday,0.0,Low
2026-10-10,37,1,0,Saturday,15.0,Low
2026-10-10,38,2,0,Saturday,1.0,Low
2026-10-10,39,0,0,Saturday,0.0,Low
2026-10-10,40,0,0,Saturday,0.0,Low
2026-10-10,41,2,0,Saturday,1.84,Low
2026-10-10,42,1,0,Saturday,15.0,Low
2026-10-10,43,0,0,Saturday,0.0,Low
2026-10-10,44,4,0,Saturday,34.0,Medium
2026-10-10,45,1,0,Saturday,15.0,Low
2026-10-10,46,2,0,Saturday,0.84,Low
2026-10-10,47,2,0,Saturday,1.0,Low
2026-10-12,1,0,0,Monday,1.0,Low
2026-10-12,2,1,0,Monday,8.48,Low
2026-10-12,3,1,0,Monday,5.58,Low
2026-10-12,4,3,0,Monday,8.0,Low
2026-10-12,5,3,0,Monday,14.0,Low
2026-10-12,6,1,0,Monday,35.61,Medium
2026-10-12,7,2,0,Monday,23.98,Low
2026-10-12,8,4,0,Monday,26.0,Low
2026-10-12,9,3,0,Monday,14.0,Low
2026-10-12,10,0,0,Monday,0.0,Low
2026-10-12,11,0,0,Monday,0.91,Low
2026-10-12,12,2,0,Monday,9.0,Low
2026-10-12,13,3,0,Monday,66.0,High
2026-10-12,15,0,0,Monday,0.0,Low
2026-10-12,16,0,0,Monday,0.0,Low
2026-10-12,17,1,0,Monday,10.46,Low
2026-10-12,18,8,0,Monday,40.0,Medium
2026-10-12,19,2,0,Monday,39.27,Medium
2026-10-12,20,2,0,Monday,9.0,Low
2026-10-12,21,16,0,Monday,65.09,High
2026-10-12,22,0,0,Monday,1.0,Low
2026-10-12,23,0,0,Monday,0.0,Low
2026-10-12,24,5,0,Monday,72.0,High
2026-10-12,25,5,0,Monday,71.77,High
2026-10-12,26,1,0,Monday,6.58,Low
2026-10-12,27,3,0,Monday,13.0,Low
2026-10-12,28,0,0,Monday,0.0,Low
2026-10-12,29,3,0,Monday,30.0,Medium
2026-10-12,30,2,0,Monday,8.0,Low
2026-10-12,31,1,0,Monday,7.67,Low
2026-10-12,32,2,0,Monday,33.17,Medium
2026-10-12,33,4,0,Monday,28.0,Low
2026-10-12,34,0,0,Monday,0.84,Low
2026-10-12,35,3,0,Monday,26.0,Low
2026-10-12,36,2,0,Monday,8.0,Low
2026-10-12,37,1,0,Monday,9.45,Low
2026-10-12,38,2,0,Monday,25.73,Low
2026-10-12,39,0,0,Monday,1.0,Low
2026-10-12,40,0,0,Monday,0.0,Low
2026-10-12,41,2,0,Monday,15.0,Low
2026-10-12,42,1,0,Monday,6.58,Low
2026-10-12,43,0,0,Monday,0.0,Low
2026-10-12,44,4,0,Monday,33.0,Medium
2026-10-12,45,1,0,Monday,8.5,Low
2026-10-12,46,2,0,Monday,7.0,Low
2026-10-12,47,2,0,Monday,8.0,Low
2026-10-13,1,0,0,Tuesday,0.0,Low
2026-10-13,2,1,0,Tuesday,1.0,Low
2026-10-13,3,1,0,Tuesday,8.0,Low
2026-10-13,4,3,0,Tuesday,1.0,Low
2026-10-13,5,3,0,Tuesday,18.0,Low
2026-10-13,6,1,0,Tuesday,5.0,Low
2026-10-13,7,2,0,Tuesday,1.0,Low
2026-10-13,8,4,0,Tuesday,9.0,Low
2026-10-13,9,3,0,Tuesday,0.0,Low
2026-10-13,10,0,0,Tuesday,0.0,Low
2026-10-13,11,0,0,Tuesday,0.0,Low
2026-10-13,12,2,0,Tuesday,1.0,Low
2026-10-13,13,3,0,Tuesday,10.0,Low
2026-10-13,15,0,0,Tuesday,0.0,Low
2026-10-13,16,0,0,Tuesday,0.0,Low
2026-10-13,17,1,0,Tuesday,7.0,Low
2026-10-13,18,8,0,Tuesday,26.0,Low
2026-10-13,19,2,0,Tuesday,1.0,Low
2026-10-13,20,2,0,Tuesday,20.9,Low
2026-10-13,21,16,0,Tuesday,46.84,Medium
2026-10-13,22,0,0,Tuesday,0.0,Low
2026-10-13,23,0,0,Tuesday,0.0,Low
2026-10-13,24,5,0,Tuesday,23.0,Low
2026-10-13,25,5,0,Tuesday,15.0,Low
2026-10-13,26,1,0,Tuesday,8.0,Low
2026-10-13,27,3,0,Tuesday,3.0,Low
2026-10-13,28,0,0,Tuesday,0.0,Low
2026-10-13,29,3,0,Tuesday,1.0,Low
2026-10-13,30,2,0,Tuesday,6.0,Low
2026-10-13,31,1,0,Tuesday,9.0,Low
2026-10-13,32,2,0,Tuesday,43.0,Medium
2026-10-13,33,4,0,Tuesday,10.0,Low
2026-10-13,34,0,0,Tuesday,0.0,Low
2026-10-13,35,3,0,Tuesday,0.0,Low
2026-10-13,36,2,0,Tuesday,0.0,Low
2026-10-13,37,1,0,Tuesday,7.0,Low
2026-10-13,38,2,0,Tuesday,0.0,Low
2026-10-13,39,0,0,Tuesday,0.0,Low
2026-10-13,40,0,0,Tuesday,0.0,Low
2026-10-13,41,2,0,Tuesday,1.91,Low
2026-10-13,42,1,0,Tuesday,6.0,Low
2026-10-13,43,0,0,Tuesday,0.0,Low
2026-10-13,44,4,0,Tuesday,31.17,Medium
2026-10-13,45,1,0,Tuesday,7.0,Low
2026-10-13,46,2,0,Tuesday,10.61,Low
2026-10-13,47,2,0,Tuesday,15.47,Low
2026-10-14,1,0,0,Wednesday,0.0,Low
2026-10-14,2,1,0,Wednesday,3.0,Low
2026-10-14,3,1,0,Wednesday,11.0,Low
2026-10-14,4,3,0,Wednesday,6.0,Low
2026-10-14,5,3,0,Wednesday,2.0,Low
2026-10-14,6,1,0,Wednesday,8.0,Low
2026-10-14,7,2,0,Wednesday,3.0,Low
2026-10-14,8,4,0,Wednesday,9.0,Low
2026-10-14,9,3,0,Wednesday,0.0,Low
2026-10-14,10,0,0,Wednesday,0.0,Low
2026-10-14,11,0,0,Wednesday,0.0,Low
2026-10-14,12,2,0,Wednesday,18.0,Low
2026-10-14,13,3,0,Wednesday,9.0,Low
2026-10-14,15,0,0,Wednesday,0.0,Low
2026-10-14,16,0,0,Wednesday,0.0,Low
2026-10-14,17,1,0,Wednesday,10.0,Low
2026-10-14,18,8,0,Wednesday,8.0,Low
2026-10-14,19,2,0,Wednesday,2.0,Low
2026-10-14,20,2,0,Wednesday,7.0,Low
2026-10-14,21,16,0,Wednesday,44.91,Medium
2026-10-14,22,0,0,Wednesday,0.0,Low
2026-10-14,23,0,0,Wednesday,0.0,Low
2026-10-14,24,5,0,Wednesday,14.0,Low
2026-10-14,25,5,0,Wednesday,25.0,Low
2026-10-14,26,1,0,Wednesday,11.0,Low
2026-10-14,27,3,0,Wednesday,1.0,Low
2026-10-14,28,0,0,Wednesday,0.0,Low
2026-10-14,29,3,0,Wednesday,14.0,Low
2026-10-14,30,2,0,Wednesday,14.32,Low
2026-10-14,31,1,0,Wednesday,11.0,Low
2026-10-14,32,2,0,Wednesday,9.0,Low
2026-10-14,33,4,0,Wednesday,14.0,Low
2026-10-14,34,0,0,Wednesday,0.0,Low
2026-10-14,35,3,0,Wednesday,0.0,Low
2026-10-14,36,2,0,Wednesday,5.0,Low
2026-10-14,37,1,0,Wednesday,9.0,Low
2026-10-14,38,2,0,Wednesday,2.0,Low
2026-10-14,39,0,0,Wednesday,0.0,Low
2026-10-14,40,0,0,Wednesday,0.0,Low
2026-10-14,41,2,0,Wednesday,2.91,Low
2026-10-14,42,1,0,Wednesday,11.0,Low
2026-10-14,43,0,0,Wednesday,0.0,Low
2026-10-14,44,4,0,Wednesday,9.91,Low
2026-10-14,45,1,0,Wednesday,11.0,Low
2026-10-14,46,2,0,Wednesday,2.84,Low
2026-10-14,47,2,0,Wednesday,9.94,Low
2026-10-15,1,0,0,Thursday,0.0,Low
2026-10-15,2,1,0,Thursday,0.0,Low
2026-10-15,3,1,0,Thursday,0.0,Low
2026-10-15,4,3,0,Thursday,0.0,Low
2026-10-15,5,3,0,Thursday,0.0,Low
2026-10-15,6,1,0,Thursday,0.0,Low
2026-10-15,7,2,0,Thursday,0.0,Low
2026-10-15,8,4,0,Thursday,6.0,Low
2026-10-15,9,3,0,Thursday,0.0,Low
2026-10-15,10,0,0,Thursday,0.0,Low
2026-10-15,11,0,0,Thursday,0.0,Low
2026-10-15,12,2,0,Thursday,0.0,Low
2026-10-15,13,3,0,Thursday,2.0,Low
2026-10-15,15,0,0,Thursday,0.0,Low
2026-10-15,16,0,0,Thursday,0.0,Low
2026-10-15,17,1,0,Thursday,0.0,Low
2026-10-15,18,8,0,Thursday,10.0,Low
2026-10-15,19,2,0,Thursday,0.0,Low
2026-10-15,20,2,0,Thursday,4.0,Low
2026-10-15,21,16,0,Thursday,47.0,Medium
2026-10-15,22,0,0,Thursday,0.0,Low
2026-10-15,23,0,0,Thursday,0.0,Low
2026-10-15,24,5,0,Thursday,10.0,Low
2026-10-15,25,5,0,Thursday,13.0,Low
2026-10-15,26,1,0,Thursday,0.0,Low
2026-10-15,27,3,0,Thursday,1.0,Low
2026-10-15,28,0,0,Thursday,0.0,Low
2026-10-15,29,3,0,Thursday,1.0,Low
2026-10-15,30,2,0,Thursday,1.0,Low
2026-10-15,31,1,0,Thursday,0.0,Low
2026-10-15,32,2,0,Thursday,5.0,Low
2026-10-15,33,4,0,Thursday,7.0,Low
2026-10-15,34,0,0,Thursday,0.0,Low
2026-10-15,35,3,0,Thursday,1.0,Low
2026-10-15,36,2,0,Thursday,0.0,Low
2026-10-15,37,1,0,Thursday,0.0,Low
2026-10-15,38,2,0,Thursday,0.0,Low
2026-10-15,39,0,0,Thursday,0.0,Low
2026-10-15,40,0,0,Thursday,0.0,Low
2026-10-15,41,2,0,Thursday,1.0,Low
2026-10-15,42,1,0,Thursday,0.0,Low
2026-10-15,43,0,0,Thursday,0.0,Low
2026-10-15,44,4,0,Thursday,9.91,Low
2026-10-15,45,1,0,Thursday,0.0,Low
2026-10-15,46,2,0,Thursday,0.84,Low
2026-10-15,47,2,0,Thursday,0.0,Low
2026-10-16,1,0,0,Friday,0.0,Low
2026-10-16,2,1,0,Friday,1.95,Low
2026-10-16,3,1,0,Friday,11.43,Low
2026-10-16,4,3,0,Friday,9.0,Low
2026-10-16,5,3,0,Friday,1.0,Low
2026-10-16,6,1,0,Friday,10.48,Low
2026-10-16,7,2,0,Friday,1.91,Low
2026-10-16,8,4,0,Friday,10.0,Low
2026-10-16,9,3,0,Friday,0.0,Low
2026-10-16,10,0,0,Friday,0.0,Low
2026-10-16,11,0,0,Friday,0.0,Low
2026-10-16,12,2,0,Friday,1.0,Low
2026-10-16,13,3,0,Friday,34.0,Medium
2026-10-16,15,0,0,Friday,0.0,Low
2026-10-16,16,0,0,Friday,0.0,Low
2026-10-16,17,1,0,Friday,10.48,Low
2026-10-16,18,8,0,Friday,12.0,Low
2026-10-16,19,2,0,Friday,0.0,Low
2026-10-16,20,2,0,Friday,47.0,Medium
2026-10-16,21,16,0,Friday,45.91,Medium
2026-10-16,22,0,0,Friday,0.0,Low
2026-10-16,23,0,0,Friday,0.0,Low
2026-10-16,24,5,0,Friday,13.0,Low
2026-10-16,25,5,0,Friday,11.95,Low
2026-10-16,26,1,0,Friday,11.43,Low
2026-10-16,27,3,0,Friday,6.0,Low
2026-10-16,28,0,0,Friday,0.0,Low
2026-10-16,29,3,0,Friday,0.0,Low
2026-10-16,30,2,0,Friday,3.0,Low
2026-10-16,31,1,0,Friday,9.48,Low
2026-10-16,32,2,0,Friday,10.91,Low
2026-10-16,33,4,0,Friday,9.0,Low
2026-10-16,34,0,0,Friday,0.0,Low
2026-10-16,35,3,0,Friday,0.0,Low
2026-10-16,36,2,0,Friday,0.0,Low
2026-10-16,37,1,0,Friday,9.48,Low
2026-10-16,38,2,0,Friday,0.0,Low
2026-10-16,39,0,0,Friday,0.0,Low
2026-10-16,40,0,0,Friday,0.0,Low
2026-10-16,41,2,0,Friday,39.35,Medium
2026-10-16,42,1,0,Friday,11.48,Low
2026-10-16,43,0,0,Friday,0.0,Low
2026-10-16,44,4,0,Friday,12.0,Low
2026-10-16,45,1,0,Friday,9.48,Low
2026-10-16,46,2,0,Friday,2.0,Low
2026-10-16,47,2,0,Friday,2.97,Low
2026-10-21,1,0,0,Wednesday,0.0,Low
2026-10-21,2,1,0,Wednesday,3.0,Low
2026-10-21,3,1,0,Wednesday,11.0,Low
2026-10-21,4,3,0,Wednesday,6.0,Low
2026-10-21,5,3,0,Wednesday,2.0,Low
2026-10-21,6,1,0,Wednesday,8.0,Low
2026-10-21,7,2,0,Wednesday,3.0,Low
2026-10-21,8,4,0,Wednesday,9.0,Low
2026-10-21,9,3,0,Wednesday,0.0,Low
2026-10-21,10,0,0,Wednesday,0.0,Low
2026-10-21,11,0,0,Wednesday,0.0,Low
2026-10-21,12,2,0,Wednesday,18.0,Low
2026-10-21,13,3,0,Wednesday,9.0,Low
2026-10-21,15,0,0,Wednesday,0.0,Low
2026-10-21,16,0,0,Wednesday,0.0,Low
2026-10-21,17,1,0,Wednesday,10.0,Low
2026-10-21,18,8,0,Wednesday,8.0,Low
2026-10-21,19,2,0,Wednesday,2.0,Low
2026-10-21,20,2,0,Wednesday,7.0,Low
2026-10-21,21,16,0,Wednesday,44.91,Medium
2026-10-21,22,0,0,Wednesday,0.0,Low
2026-10-21,23,0,0,Wednesday,0.0,Low
2026-10-21,24,5,0,Wednesday,14.0,Low
2026-10-21,25,5,0,Wednesday,25.0,Low
2026-10-21,26,1,0,Wednesday,11.0,Low
2026-10-21,27,3,0,Wednesday,1.0,Low
2026-10-21,28,0,0,Wednesday,0.0,Low
2026-10-21,29,3,0,Wednesday,14.0,Low
2026-10-21,30,2,0,Wednesday,14.32,Low
2026-10-21,31,1,0,Wednesday,11.0,Low
2026-10-21,32,2,0,Wednesday,9.0,Low
2026-10-21,33,4,0,Wednesday,14.0,Low
2026-10-21,34,0,0,Wednesday,0.0,Low
2026-10-21,35,3,0,Wednesday,0.0,Low
2026-10-21,36,2,0,Wednesday,5.0,Low
2026-10-21,37,1,0,Wednesday,9.0,Low
2026-10-21,38,2,0,Wednesday,2.0,Low
2026-10-21,39,0,0,Wednesday,0.0,Low
2026-10-21,40,0,0,Wednesday,0.0,Low
2026-10-21,41,2,0,Wednesday,2.91,Low
2026-10-21,42,1,0,Wednesday,11.0,Low
2026-10-21,43,0,0,Wednesday,0.0,Low
2026-10-21,44,4,0,Wednesday,9.91,Low
2026-10-21,45,1,0,Wednesday,11.0,Low
2026-10-21,46,2,0,Wednesday,2.84,Low
2026-10-21,47,2,0,Wednesday,9.94,Low
2026-10-22,1,0,0,Thursday,0.0,Low
2026-10-22,2,1,0,Thursday,0.0,Low
2026-10-22,3,1,0,Thursday,0.0,Low
2026-10-22,4,3,0,Thursday,0.0,Low
2026-10-22,5,3,0,Thursday,0.0,Low
2026-10-22,6,1,0,Thursday,0.0,Low
2026-10-22,7,2,0,Thursday,0.0,Low
2026-10-22,8,4,0,Thursday,6.0,Low
2026-10-22,9,3,0,Thursday,0.0,Low
2026-10-22,10,0,0,Thursday,0.0,Low
2026-10-22,11,0,0,Thursday,0.0,Low
2026-10-22,12,2,0,Thursday,0.0,Low
2026-10-22,13,3,0,Thursday,2.0,Low
2026-10-22,15,0,0,Thursday,0.0,Low
2026-10-22,16,0,0,Thursday,0.0,Low
2026-10-22,17,1,0,Thursday,0.0,Low
2026-10-22,18,8,0,Thursday,10.0,Low
2026-10-22,19,2,0,Thursday,0.0,Low
2026-10-22,20,2,0,Thursday,4.0,Low
2026-10-22,21,16,0,Thursday,47.0,Medium
2026-10-22,22,0,0,Thursday,0.0,Low
2026-10-22,23,0,0,Thursday,0.0,Low
2026-10-22,24,5,0,Thursday,10.0,Low
2026-10-22,25,5,0,Thursday,13.0,Low
2026-10-22,26,1,0,Thursday,0.0,Low
2026-10-22,27,3,0,Thursday,1.0,Low
2026-10-22,28,0,0,Thursday,0.0,Low
2026-10-22,29,3,0,Thursday,1.0,Low
2026-10-22,30,2,0,Thursday,1.0,Low
2026-10-22,31,1,0,Thursday,0.0,Low
2026-10-22,32,2,0,Thursday,5.0,Low
2026-10-22,33,4,0,Thursday,7.0,Low
2026-10-22,34,0,0,Thursday,0.0,Low
2026-10-22,35,3,0,Thursday,1.0,Low
2026-10-22,36,2,0,Thursday,0.0,Low
2026-10-22,37,1,0,Thursday,0.0,Low
2026-10-22,38,2,0,Thursday,0.0,Low
2026-10-22,39,0,0,Thursday,0.0,Low
2026-10-22,40,0,0,Thursday,0.0,Low
2026-10-22,41,2,0,Thursday,1.0,Low
2026-10-22,42,1,0,Thursday,0.0,Low
2026-10-22,43,0,0,Thursday,0.0,Low
2026-10-22,44,4,0,Thursday,9.91,Low
2026-10-22,45,1,0,Thursday,0.0,Low
2026-10-22,46,2,0,Thursday,0.84,Low
2026-10-22,47,2,0,Thursday,0.0,Low
2026-10-23,1,0,0,Friday,0.0,Low
2026-10-23,2,1,0,Friday,1.95,Low
2026-10-23,3,1,0,Friday,11.43,Low
2026-10-23,4,3,0,Friday,9.0,Low
2026-10-23,5,3,0,Friday,1.0,Low
2026-10-23,6,1,0,Friday,10.48,Low
2026-10-23,7,2,0,Friday,1.91,Low
2026-10-23,8,4,0,Friday,10.0,Low
2026-10-23,9,3,0,Friday,0.0,Low
2026-10-23,10,0,0,Friday,0.0,Low
2026-10-23,11,0,0,Friday,0.0,Low
2026-10-23,12,2,0,Friday,1.0,Low
2026-10-23,13,3,0,Friday,34.0,Medium
2026-10-23,15,0,0,Friday,0.0,Low
2026-10-23,16,0,0,Friday,0.0,Low
2026-10-23,17,1,0,Friday,10.48,Low
2026-10-23,18,8,0,Friday,12.0,Low
2026-10-23,19,2,0,Friday,0.0,Low
2026-10-23,20,2,0,Friday,47.0,Medium
2026-10-23,21,16,0,Friday,45.91,Medium
2026-10-23,22,0,0,Friday,0.0,Low
2026-10-23,23,0,0,Friday,0.0,Low
2026-10-23,24,5,0,Friday,13.0,Low
2026-10-23,25,5,0,Friday,11.95,Low
2026-10-23,26,1,0,Friday,11.43,Low
2026-10-23,27,3,0,Friday,6.0,Low
2026-10-23,28,0,0,Friday,0.0,Low
2026-10-23,29,3,0,Friday,0.0,Low
2026-10-23,30,2,0,Friday,3.0,Low
2026-10-23,31,1,0,Friday,9.48,Low
2026-10-23,32,2,0,Friday,10.91,Low
2026-10-23,33,4,0,Friday,9.0,Low
2026-10-23,34,0,0,Friday,0.0,Low
2026-10-23,35,3,0,Friday,0.0,Low
2026-10-23,36,2,0,Friday,0.0,Low
2026-10-23,37,1,0,Friday,9.48,Low
2026-10-23,38,2,0,Friday,0.0,Low
2026-10-23,39,0,0,Friday,0.0,Low
2026-10-23,40,0,0,Friday,0.0,Low
2026-10-23,41,2,0,Friday,39.35,Medium
2026-10-23,42,1,0,Friday,11.48,Low
2026-10-23,43,0,0,Friday,0.0,Low
2026-10-23,44,4,0,Friday,12.0,Low
2026-10-23,45,1,0,Friday,9.48,Low
2026-10-23,46,2,0,Friday,2.0,Low
2026-10-23,47,2,0,Friday,2.97,Low
2026-10-24,1,0,0,Saturday,0.0,Low
2026-10-24,2,1,0,Saturday,3.0,Low
2026-10-24,3,1,0,Saturday,16.0,Low
2026-10-24,4,3,0,Saturday,6.0,Low
2026-10-24,5,3,0,Saturday,0.0,Low
2026-10-24,6,1,0,Saturday,9.0,Low
2026-10-24,7,2,0,Saturday,1.0,Low
2026-10-24,8,4,0,Saturday,9.0,Low
2026-10-24,9,3,0,Saturday,9.0,Low
2026-10-24,10,0,0,Saturday,0.0,Low
2026-10-24,11,0,0,Saturday,0.0,Low
2026-10-24,12,2,0,Saturday,1.0,Low
2026-10-24,13,3,0,Saturday,6.0,Low
2026-10-24,15,0,0,Saturday,0.0,Low
2026-10-24,16,0,0,Saturday,0.0,Low
2026-10-24,17,1,0,Saturday,14.0,Low
2026-10-24,18,8,0,Saturday,11.0,Low
2026-10-24,19,2,0,Saturday,1.0,Low
2026-10-24,20,2,0,Saturday,13.0,Low
2026-10-24,21,16,0,Saturday,44.84,Medium
2026-10-24,22,0,0,Saturday,0.0,Low
2026-10-24,23,0,0,Saturday,0.0,Low
2026-10-24,24,5,0,Saturday,15.0,Low
2026-10-24,25,5,0,Saturday,12.0,Low
2026-10-24,26,1,0,Saturday,14.0,Low
2026-10-24,27,3,0,Saturday,34.0,Medium
2026-10-24,28,0,0,Saturday,0.0,Low
2026-10-24,29,3,0,Saturday,0.0,Low
2026-10-24,30,2,0,Saturday,43.0,Medium
2026-10-24,31,1,0,Saturday,15.0,Low
2026-10-24,32,2,0,Saturday,10.0,Low
2026-10-24,33,4,0,Saturday,12.0,Low
2026-10-24,34,0,0,Saturday,0.0,Low
2026-10-24,35,3,0,Saturday,0.0,Low
2026-10-24,36,2,0,Saturday,0.0,Low
2026-10-24,37,1,0,Saturday,15.0,Low
2026-10-24,38,2,0,Saturday,1.0,Low
2026-10-24,39,0,0,Saturday,0.0,Low
2026-10-24,40,0,0,Saturday,0.0,Low
2026-10-24,41,2,0,Saturday,1.84,Low
2026-10-24,42,1,0,Saturday,15.0,Low
2026-10-24,43,0,0,Saturday,0.0,Low
2026-10-24,44,4,0,Saturday,34.0,Medium
2026-10-24,45,1,0,Saturday,15.0,Low
2026-10-24,46,2,0,Saturday,0.84,Low
2026-10-24,47,2,0,Saturday,1.0,Low
2026-10-26,1,0,0,Monday,1.0,Low
2026-10-26,2,1,0,Monday,8.48,Low
2026-10-26,3,1,0,Monday,5.58,Low
2026-10-26,4,3,0,Monday,8.0,Low
2026-10-26,5,3,0,Monday,14.0,Low
2026-10-26,6,1,0,Monday,35.61,Medium
2026-10-26,7,2,0,Monday,23.98,Low
2026-10-26,8,4,0,Monday,26.0,Low
2026-10-26,9,3,0,Monday,14.0,Low
2026-10-26,10,0,0,Monday,0.0,Low
2026-10-26,11,0,0,Monday,0.91,Low
2026-10-26,12,2,0,Monday,9.0,Low
2026-10-26,13,3,0,Monday,66.0,High
2026-10-26,15,0,0,Monday,0.0,Low
2026-10-26,16,0,0,Monday,0.0,Low
2026-10-26,17,1,0,Monday,10.46,Low
2026-10-26,18,8,0,Monday,40.0,Medium
2026-10-26,19,2,0,Monday,39.27,Medium
2026-10-26,20,2,0,Monday,9.0,Low
2026-10-26,21,16,0,Monday,65.09,High
2026-10-26,22,0,0,Monday,1.0,Low
2026-10-26,23,0,0,Monday,0.0,Low
2026-10-26,24,5,0,Monday,72.0,High
2026-10-26,25,5,0,Monday,71.77,High
2026-10-26,26,1,0,Monday,6.58,Low
2026-10-26,27,3,0,Monday,13.0,Low
2026-10-26,28,0,0,Monday,0.0,Low
2026-10-26,29,3,0,Monday,30.0,Medium
2026-10-26,30,2,0,Monday,8.0,Low
2026-10-26,31,1,0,Monday,7.67,Low
2026-10-26,32,2,0,Monday,33.17,Medium
2026-10-26,33,4,0,Monday,28.0,Low
2026-10-26,34,0,0,Monday,0.84,Low
2026-10-26,35,3,0,Monday,26.0,Low
2026-10-26,36,2,0,Monday,8.0,Low
2026-10-26,37,1,0,Monday,9.45,Low
2026-10-26,38,2,0,Monday,25.73,Low
2026-10-26,39,0,0,Monday,1.0,Low
2026-10-26,40,0,0,Monday,0.0,Low
2026-10-26,41,2,0,Monday,15.0,Low
2026-10-26,42,1,0,Monday,6.58,Low
2026-10-26,43,0,0,Monday,0.0,Low
2026-10-26,44,4,0,Monday,33.0,Medium
2026-10-26,45,1,0,Monday,8.5,Low
2026-10-26,46,2,0,Monday,7.0,Low
2026-10-26,47,2,0,Monday,8.0,Low
2026-10-27,1,0,0,Tuesday,0.0,Low
2026-10-27,2,1,0,Tuesday,1.0,Low
2026-10-27,3,1,0,Tuesday,8.0,Low
2026-10-27,4,3,0,Tuesday,1.0,Low
2026-10-27,5,3,0,Tuesday,18.0,Low
2026-10-27,6,1,0,Tuesday,5.0,Low
2026-10-27,7,2,0,Tuesday,1.0,Low
2026-10-27,8,4,0,Tuesday,9.0,Low
2026-10-27,9,3,0,Tuesday,0.0,Low
2026-10-27,10,0,0,Tuesday,0.0,Low
2026-10-27,11,0,0,Tuesday,0.0,Low
2026-10-27,12,2,0,Tuesday,1.0,Low
2026-10-27,13,3,0,Tuesday,10.0,Low
2026-10-27,15,0,0,Tuesday,0.0,Low
2026-10-27,16,0,0,Tuesday,0.0,Low
2026-10-27,17,1,0,Tuesday,7.0,Low
2026-10-27,18,8,0,Tuesday,26.0,Low
2026-10-27,19,2,0,Tuesday,1.0,Low
2026-10-27,20,2,0,Tuesday,20.9,Low
2026-10-27,21,16,0,Tuesday,46.84,Medium
2026-10-27,22,0,0,Tuesday,0.0,Low
2026-10-27,23,0,0,Tuesday,0.0,Low
2026-10-27,24,5,0,Tuesday,23.0,Low
2026-10-27,25,5,0,Tuesday,15.0,Low
2026-10-27,26,1,0,Tuesday,8.0,Low
2026-10-27,27,3,0,Tuesday,3.0,Low
2026-10-27,28,0,0,Tuesday,0.0,Low
2026-10-27,29,3,0,Tuesday,1.0,Low
2026-10-27,30,2,0,Tuesday,6.0,Low
2026-10-27,31,1,0,Tuesday,9.0,Low
2026-10-27,32,2,0,Tuesday,43.0,Medium
2026-10-27,33,4,0,Tuesday,10.0,Low
2026-10-27,34,0,0,Tuesday,0.0,Low
2026-10-27,35,3,0,Tuesday,0.0,Low
2026-10-27,36,2,0,Tuesday,0.0,Low
2026-10-27,37,1,0,Tuesday,7.0,Low
2026-10-27,38,2,0,Tuesday,0.0,Low
2026-10-27,39,0,0,Tuesday,0.0,Low
2026-10-27,40,0,0,Tuesday,0.0,Low
2026-10-27,41,2,0,Tuesday,1.91,Low
2026-10-27,42,1,0,Tuesday,6.0,Low
2026-10-27,43,0,0,Tuesday,0.0,Low
2026-10-27,44,4,0,Tuesday,31.17,Medium
2026-10-27,45,1,0,Tuesday,7.0,Low
2026-10-27,46,2,0,Tuesday,10.61,Low
2026-10-27,47,2,0,Tuesday,15.47,Low
2026-10-28,1,0,0,Wednesday,0.0,Low
2026-10-28,2,1,0,Wednesday,3.0,Low
2026-10-28,3,1,0,Wednesday,11.0,Low
2026-10-28,4,3,0,Wednesday,6.0,Low
2026-10-28,5,3,0,Wednesday,2.0,Low
2026-10-28,6,1,0,Wednesday,8.0,Low
2026-10-28,7,2,0,Wednesday,3.0,Low
2026-10-28,8,4,0,Wednesday,9.0,Low
2026-10-28,9,3,0,Wednesday,0.0,Low
2026-10-28,10,0,0,Wednesday,0.0,Low
2026-10-28,11,0,0,Wednesday,0.0,Low
2026-10-28,12,2,0,Wednesday,18.0,Low
2026-10-28,13,3,0,Wednesday,9.0,Low
2026-10-28,15,0,0,Wednesday,0.0,Low
2026-10-28,16,0,0,Wednesday,0.0,Low
2026-10-28,17,1,0,Wednesday,10.0,Low
2026-10-28,18,8,0,Wednesday,8.0,Low
2026-10-28,19,2,0,Wednesday,2.0,Low
2026-10-28,20,2,0,Wednesday,7.0,Low
2026-10-28,21,16,0,Wednesday,44.91,Medium
2026-10-28,22,0,0,Wednesday,0.0,Low
2026-10-28,23,0,0,Wednesday,0.0,Low
2026-10-28,24,5,0,Wednesday,14.0,Low
2026-10-28,25,5,0,Wednesday,25.0,Low
2026-10-28,26,1,0,Wednesday,11.0,Low
2026-10-28,27,3,0,Wednesday,1.0,Low
2026-10-28,28,0,0,Wednesday,0.0,Low
2026-10-28,29,3,0,Wednesday,14.0,Low
2026-10-28,30,2,0,Wednesday,14.32,Low
2026-10-28,31,1,0,Wednesday,11.0,Low
2026-10-28,32,2,0,Wednesday,9.0,Low
2026-10-28,33,4,0,Wednesday,14.0,Low
2026-10-28,34,0,0,Wednesday,0.0,Low
2026-10-28,35,3,0,Wednesday,0.0,Low
2026-10-28,36,2,0,Wednesday,5.0,Low
2026-10-28,37,1,0,Wednesday,9.0,Low
2026-10-28,38,2,0,Wednesday,2.0,Low
2026-10-28,39,0,0,Wednesday,0.0,Low
2026-10-28,40,0,0,Wednesday,0.0,Low
2026-10-28,41,2,0,Wednesday,2.91,Low
2026-10-28,42,1,0,Wednesday,11.0,Low
2026-10-28,43,0,0,Wednesday,0.0,Low
2026-10-28,44,4,0,Wednesday,9.91,Low
2026-10-28,45,1,0,Wednesday,11.0,Low
2026-10-28,46,2,0,Wednesday,2.84,Low
2026-10-28,47,2,0,Wednesday,9.94,Low
2026-10-29,1,0,0,Thursday,0.0,Low
2026-10-29,2,1,0,Thursday,0.0,Low
2026-10-29,3,1,0,Thursday,0.0,Low
2026-10-29,4,3,0,Thursday,0.0,Low
2026-10-29,5,3,0,Thursday,0.0,Low
2026-10-29,6,1,0,Thursday,0.0,Low
2026-10-29,7,2,0,Thursday,0.0,Low
2026-10-29,8,4,0,Thursday,6.0,Low
2026-10-29,9,3,0,Thursday,0.0,Low
2026-10-29,10,0,0,Thursday,0.0,Low
2026-10-29,11,0,0,Thursday,0.0,Low
2026-10-29,12,2,0,Thursday,0.0,Low
2026-10-29,13,3,0,Thursday,2.0,Low
2026-10-29,15,0,0,Thursday,0.0,Low
2026-10-29,16,0,0,Thursday,0.0,Low
2026-10-29,17,1,0,Thursday,0.0,Low
2026-10-29,18,8,0,Thursday,10.0,Low
2026-10-29,19,2,0,Thursday,0.0,Low
2026-10-29,20,2,0,Thursday,4.0,Low
2026-10-29,21,16,0,Thursday,47.0,Medium
2026-10-29,22,0,0,Thursday,0.0,Low
2026-10-29,23,0,0,Thursday,0.0,Low
2026-10-29,24,5,0,Thursday,10.0,Low
2026-10-29,25,5,0,Thursday,13.0,Low
2026-10-29,26,1,0,Thursday,0.0,Low
2026-10-29,27,3,0,Thursday,1.0,Low
2026-10-29,28,0,0,Thursday,0.0,Low
2026-10-29,29,3,0,Thursday,1.0,Low
2026-10-29,30,2,0,Thursday,1.0,Low
2026-10-29,31,1,0,Thursday,0.0,Low
2026-10-29,32,2,0,Thursday,5.0,Low
2026-10-29,33,4,0,Thursday,7.0,Low
2026-10-29,34,0,0,Thursday,0.0,Low
2026-10-29,35,3,0,Thursday,1.0,Low
2026-10-29,36,2,0,Thursday,0.0,Low
2026-10-29,37,1,0,Thursday,0.0,Low
2026-10-29,38,2,0,Thursday,0.0,Low
2026-10-29,39,0,0,Thursday,0.0,Low
2026-10-29,40,0,0,Thursday,0.0,Low
2026-10-29,41,2,0,Thursday,1.0,Low
2026-10-29,42,1,0,Thursday,0.0,Low
2026-10-29,43,0,0,Thursday,0.0,Low
2026-10-29,44,4,0,Thursday,9.91,Low
2026-10-29,45,1,0,Thursday,0.0,Low
2026-10-29,46,2,0,Thursday,0.84,Low
2026-10-29,47,2,0,Thursday,0.0,Low
2026-10-30,1,0,0,Friday,0.0,Low
2026-10-30,2,1,0,Friday,1.95,Low
2026-10-30,3,1,0,Friday,11.43,Low
2026-10-30,4,3,0,Friday,9.0,Low
2026-10-30,5,3,0,Friday,1.0,Low
2026-10-30,6,1,0,Friday,10.48,Low
2026-10-30,7,2,0,Friday,1.91,Low
2026-10-30,8,4,0,Friday,10.0,Low
2026-10-30,9,3,0,Friday,0.0,Low
2026-10-30,10,0,0,Friday,0.0,Low
2026-10-30,11,0,0,Friday,0.0,Low
2026-10-30,12,2,0,Friday,1.0,Low
2026-10-30,13,3,0,Friday,34.0,Medium
2026-10-30,15,0,0,Friday,0.0,Low
2026-10-30,16,0,0,Friday,0.0,Low
2026-10-30,17,1,0,Friday,10.48,Low
2026-10-30,18,8,0,Friday,12.0,Low
2026-10-30,19,2,0,Friday,0.0,Low
2026-10-30,20,2,0,Friday,47.0,Medium
2026-10-30,21,16,0,Friday,45.91,Medium
2026-10-30,22,0,0,Friday,0.0,Low
2026-10-30,23,0,0,Friday,0.0,Low
2026-10-30,24,5,0,Friday,13.0,Low
2026-10-30,25,5,0,Friday,11.95,Low
2026-10-30,26,1,0,Friday,11.43,Low
2026-10-30,27,3,0,Friday,6.0,Low
2026-10-30,28,0,0,Friday,0.0,Low
2026-10-30,29,3,0,Friday,0.0,Low
2026-10-30,30,2,0,Friday,3.0,Low
2026-10-30,31,1,0,Friday,9.48,Low
2026-10-30,32,2,0,Friday,10.91,Low
2026-10-30,33,4,0,Friday,9.0,Low
2026-10-30,34,0,0,Friday,0.0,Low
2026-10-30,35,3,0,Friday,0.0,Low
2026-10-30,36,2,0,Friday,0.0,Low
2026-10-30,37,1,0,Friday,9.48,Low
2026-10-30,38,2,0,Friday,0.0,Low
2026-10-30,39,0,0,Friday,0.0,Low
2026-10-30,40,0,0,Friday,0.0,Low
2026-10-30,41,2,0,Friday,39.35,Medium
2026-10-30,42,1,0,Friday,11.48,Low
2026-10-30,43,0,0,Friday,0.0,Low
2026-10-30,44,4,0,Friday,12.0,Low
2026-10-30,45,1,0,Friday,9.48,Low
2026-10-30,46,2,0,Friday,2.0,Low
2026-10-30,47,2,0,Friday,2.97,Low
2026-10-31,1,0,0,Saturday,0.0,Low
2026-10-31,2,1,0,Saturday,3.0,Low
2026-10-31,3,1,0,Saturday,16.0,Low
2026-10-31,4,3,0,Saturday,6.0,Low
2026-10-31,5,3,0,Saturday,0.0,Low
2026-10-31,6,1,0,Saturday,9.0,Low
2026-10-31,7,2,0,Saturday,1.0,Low
2026-10-31,8,4,0,Saturday,9.0,Low
2026-10-31,9,3,0,Saturday,9.0,Low
2026-10-31,10,0,0,Saturday,0.0,Low
2026-10-31,11,0,0,Saturday,0.0,Low
2026-10-31,12,2,0,Saturday,1.0,Low
2026-10-31,13,3,0,Saturday,6.0,Low
2026-10-31,15,0,0,Saturday,0.0,Low
2026-10-31,16,0,0,Saturday,0.0,Low
2026-10-31,17,1,0,Saturday,14.0,Low
2026-10-31,18,8,0,Saturday,11.0,Low
2026-10-31,19,2,0,Saturday,1.0,Low
2026-10-31,20,2,0,Saturday,13.0,Low
2026-10-31,21,16,0,Saturday,44.84,Medium
2026-10-31,22,0,0,Saturday,0.0,Low
2026-10-31,23,0,0,Saturday,0.0,Low
2026-10-31,24,5,0,Saturday,15.0,Low
2026-10-31,25,5,0,Saturday,12.0,Low
2026-10-31,26,1,0,Saturday,14.0,Low
2026-10-31,27,3,0,Saturday,34.0,Medium
2026-10-31,28,0,0,Saturday,0.0,Low
2026-10-31,29,3,0,Saturday,0.0,Low
2026-10-31,30,2,0,Saturday,43.0,Medium
2026-10-31,31,1,0,Saturday,15.0,Low
2026-10-31,32,2,0,Saturday,10.0,Low
2026-10-31,33,4,0,Saturday,12.0,Low
2026-10-31,34,0,0,Saturday,0.0,Low
2026-10-31,35,3,0,Saturday,0.0,Low
2026-10-31,36,2,0,Saturday,0.0,Low
2026-10-31,37,1,0,Saturday,15.0,Low
2026-10-31,38,2,0,Saturday,1.0,Low
2026-10-31,39,0,0,Saturday,0.0,Low
2026-10-31,40,0,0,Saturday,0.0,Low
2026-10-31,41,2,0,Saturday,1.84,Low
2026-10-31,42,1,0,Saturday,15.0,Low
2026-10-31,43,0,0,Saturday,0.0,Low
2026-10-31,44,4,0,Saturday,34.0,Medium
2026-10-31,45,1,0,Saturday,15.0,Low
2026-10-31,46,2,0,Saturday,0.84,Low
2026-10-31,47,2,0,Saturday,1.0,Low
2026-11-02,1,0,0,Monday,1.0,Low
2026-11-02,2,1,0,Monday,8.48,Low
2026-11-02,3,1,0,Monday,5.58,Low
2026-11-02,4,3,0,Monday,8.0,Low
2026-11-02,5,3,0,Monday,14.0,Low
2026-11-02,6,1,0,Monday,35.61,Medium
2026-11-02,7,2,0,Monday,23.98,Low
2026-11-02,8,4,0,Monday,26.0,Low
2026-11-02,9,3,0,Monday,14.0,Low
2026-11-02,10,0,0,Monday,0.0,Low
2026-11-02,11,0,0,Monday,0.91,Low
2026-11-02,12,2,0,Monday,9.0,Low
2026-11-02,13,3,0,Monday,66.0,High
2026-11-02,15,0,0,Monday,0.0,Low
2026-11-02,16,0,0,Monday,0.0,Low
2026-11-02,17,1,0,Monday,10.46,Low
2026-11-02,18,8,0,Monday,40.0,Medium
2026-11-02,19,2,0,Monday,39.27,Medium
2026-11-02,20,2,0,Monday,9.0,Low
2026-11-02,21,16,0,Monday,65.09,High
2026-11-02,22,0,0,Monday,1.0,Low
2026-11-02,23,0,0,Monday,0.0,Low
2026-11-02,24,5,0,Monday,72.0,High
2026-11-02,25,5,0,Monday,71.77,High
2026-11-02,26,1,0,Monday,6.58,Low
2026-11-02,27,3,0,Monday,13.0,Low
2026-11-02,28,0,0,Monday,0.0,Low
2026-11-02,29,3,0,Monday,30.0,Medium
2026-11-02,30,2,0,Monday,8.0,Low
2026-11-02,31,1,0,Monday,7.67,Low
2026-11-02,32,2,0,Monday,33.17,Medium
2026-11-02,33,4,0,Monday,28.0,Low
2026-11-02,34,0,0,Monday,0.84,Low
2026-11-02,35,3,0,Monday,26.0,Low
2026-11-02,36,2,0,Monday,8.0,Low
2026-11-02,37,1,0,Monday,9.45,Low
2026-11-02,38,2,0,Monday,25.73,Low
2026-11-02,39,0,0,Monday,1.0,Low
2026-11-02,40,0,0,Monday,0.0,Low
2026-11-02,41,2,0,Monday,15.0,Low
2026-11-02,42,1,0,Monday,6.58,Low
2026-11-02,43,0,0,Monday,0.0,Low
2026-11-02,44,4,0,Monday,33.0,Medium
2026-11-02,45,1,0,Monday,8.5,Low
2026-11-02,46,2,0,Monday,7.0,Low
2026-11-02,47,2,0,Monday,8.0,Low
2026-11-03,1,0,0,Tuesday,0.0,Low
2026-11-03,2,1,0,Tuesday,1.0,Low
2026-11-03,3,1,0,Tuesday,8.0,Low
2026-11-03,4,3,0,Tuesday,1.0,Low
2026-11-03,5,3,0,Tuesday,18.0,Low
2026-11-03,6,1,0,Tuesday,5.0,Low
2026-11-03,7,2,0,Tuesday,1.0,Low
2026-11-03,8,4,0,Tuesday,9.0,Low
2026-11-03,9,3,0,Tuesday,0.0,Low
2026-11-03,10,0,0,Tuesday,0.0,Low
2026-11-03,11,0,0,Tuesday,0.0,Low
2026-11-03,12,2,0,Tuesday,1.0,Low
2026-11-03,13,3,0,Tuesday,10.0,Low
2026-11-03,15,0,0,Tuesday,0.0,Low
2026-11-03,16,0,0,Tuesday,0.0,Low
2026-11-03,17,1,0,Tuesday,7.0,Low
2026-11-03,18,8,0,Tuesday,26.0,Low
2026-11-03,19,2,0,Tuesday,1.0,Low
2026-11-03,20,2,0,Tuesday,20.9,Low
2026-11-03,21,16,0,Tuesday,46.84,Medium
2026-11-03,22,0,0,Tuesday,0.0,Low
2026-11-03,23,0,0,Tuesday,0.0,Low
2026-11-03,24,5,0,Tuesday,23.0,Low
2026-11-03,25,5,0,Tuesday,15.0,Low
2026-11-03,26,1,0,Tuesday,8.0,Low
2026-11-03,27,3,0,Tuesday,3.0,Low
2026-11-03,28,0,0,Tuesday,0.0,Low
2026-11-03,29,3,0,Tuesday,1.0,Low
2026-11-03,30,2,0,Tuesday,6.0,Low
2026-11-03,31,1,0,Tuesday,9.0,Low
2026-11-03,32,2,0,Tuesday,43.0,Medium
2026-11-03,33,4,0,Tuesday,10.0,Low
2026-11-03,34,0,0,Tuesday,0.0,Low
2026-11-03,35,3,0,Tuesday,0.0,Low
2026-11-03,36,2,0,Tuesday,0.0,Low
2026-11-03,37,1,0,Tuesday,7.0,Low
2026-11-03,38,2,0,Tuesday,0.0,Low
2026-11-03,39,0,0,Tuesday,0.0,Low
2026-11-03,40,0,0,Tuesday,0.0,Low
2026-11-03,41,2,0,Tuesday,1.91,Low
2026-11-03,42,1,0,Tuesday,6.0,Low
2026-11-03,43,0,0,Tuesday,0.0,Low
2026-11-03,44,4,0,Tuesday,31.17,Medium
2026-11-03,45,1,0,Tuesday,7.0,Low
2026-11-03,46,2,0,Tuesday,10.61,Low
2026-11-03,47,2,0,Tuesday,15.47,Low
2026-11-04,1,0,0,Wednesday,0.0,Low
2026-11-04,2,1,0,Wednesday,3.0,Low
2026-11-04,3,1,0,Wednesday,11.0,Low
2026-11-04,4,3,0,Wednesday,6.0,Low
2026-11-04,5,3,0,Wednesday,2.0,Low
2026-11-04,6,1,0,Wednesday,8.0,Low
2026-11-04,7,2,0,Wednesday,3.0,Low
2026-11-04,8,4,0,Wednesday,9.0,Low
2026-11-04,9,3,0,Wednesday,0.0,Low
2026-11-04,10,0,0,Wednesday,0.0,Low
2026-11-04,11,0,0,Wednesday,0.0,Low
2026-11-04,12,2,0,Wednesday,18.0,Low
2026-11-04,13,3,0,Wednesday,9.0,Low
2026-11-04,15,0,0,Wednesday,0.0,Low
2026-11-04,16,0,0,Wednesday,0.0,Low
2026-11-04,17,1,0,Wednesday,10.0,Low
2026-11-04,18,8,0,Wednesday,8.0,Low
2026-11-04,19,2,0,Wednesday,2.0,Low
2026-11-04,20,2,0,Wednesday,7.0,Low
2026-11-04,21,16,0,Wednesday,44.91,Medium
2026-11-04,22,0,0,Wednesday,0.0,Low
2026-11-04,23,0,0,Wednesday,0.0,Low
2026-11-04,24,5,0,Wednesday,14.0,Low
2026-11-04,25,5,0,Wednesday,25.0,Low
2026-11-04,26,1,0,Wednesday,11.0,Low
2026-11-04,27,3,0,Wednesday,1.0,Low
2026-11-04,28,0,0,Wednesday,0.0,Low
2026-11-04,29,3,0,Wednesday,14.0,Low
2026-11-04,30,2,0,Wednesday,14.32,Low
2026-11-04,31,1,0,Wednesday,11.0,Low
2026-11-04,32,2,0,Wednesday,9.0,Low
2026-11-04,33,4,0,Wednesday,14.0,Low
2026-11-04,34,0,0,Wednesday,0.0,Low
2026-11-04,35,3,0,Wednesday,0.0,Low
2026-11-04,36,2,0,Wednesday,5.0,Low
2026-11-04,37,1,0,Wednesday,9.0,Low
2026-11-04,38,2,0,Wednesday,2.0,Low
2026-11-04,39,0,0,Wednesday,0.0,Low
2026-11-04,40,0,0,Wednesday,0.0,Low
2026-11-04,41,2,0,Wednesday,2.91,Low
2026-11-04,42,1,0,Wednesday,11.0,Low
2026-11-04,43,0,0,Wednesday,0.0,Low
2026-11-04,44,4,0,Wednesday,9.91,Low
2026-11-04,45,1,0,Wednesday,11.0,Low
2026-11-04,46,2,0,Wednesday,2.84,Low
2026-11-04,47,2,0,Wednesday,9.94,Low
